Família;Produtos;Descriçăo;Qtd Varejo Reg/Nac;VENDAS EM SP;Participaçăo SP no Varejo
ME;PD588;PENDRIVE TWIST PRETO 16GB   ;41224;8561;20,8%
AC;TC193;TECLADO COM FIO TF100 USB COMPACTO 120CM PT   ;32248;6929;21,5%
AC;MO300;MOUSE COM FIO MF100 USB 1200DPI 3BOT COMPACTO 120CM PT   ;28632;6322;22,1%
ME;PD587;PENDRIVE TWIST PRETO 8GB   ;20362;5691;27,9%
ME;PD590;PENDRIVE TWIST PRETO 64GB   ;20192;2260;11,2%
ME;PD589;PENDRIVE TWIST PRETO 32GB   ;16217;3206;19,8%
HC;HC034;RAQUETE ELETRICA MATA INSETOS   ;15268;8372;54,8%
AC;TC600;TECLADO COM FIO TF600 USB CABO DE 120 CM E TECLAS SILENCIOSAS   ;11699;3246;27,7%
AC;MO307;MOUSE SEM FIO MS100 USB 1200DPI 3BOT SLIM PT   ;9976;2407;24,1%
EF;VL401;VENTILADOR DE MESA 40CM MULTI TURBO 40 - 127V 60Hz 135W PRETOW   ;8885;1076;12,1%
AC;AC021;MOUSE PAD ERGONÔMICO COM APOIO EM GEL PEQUENO PRETO   ;8213;1613;19,6%
TE;P9139;CELULAR MULTI UP 4G PRETO   ;7299;1305;17,9%
EP;GO067;SANDUICHEIRA TOSTEX GRILL 127V | 750W DE POTĘNCIA | 2 EM 1: SANDUICHEIRA E GRILL | REVESTIMENTO ANTIADERENTE | CONTROLE DE TEMPERATURA AUTOMÁTICO | TRAVA DE SEGURANÇA | LÂMPADA PILOTO | MULTI HOME   ;7169;4617;64,4%
AC;MO251;MOUSE SEM FIO MS200 USB 1200DPI 3BOT ERGONOMICO PT   ;6640;2404;36,2%
EP;EB400;PRANCHA DE CABELO BRILHO ROSÉ BIVOLT | 40W DE POTĘNCIA | ALISE OU MODELE | CABO GIRATÓRIO 360°| LIGA/DESLIGA COM LUZ INDICADORA | TRAVA DE SEGURANÇA | FORMATO ARREDONDADO | DESIGN LEVE | MULTI CARE   ;5830;1566;26,9%
TE;P9225;CELULAR VITA 4G PRETO   ;5791;4084;70,5%
EP;EB200;ESCOVA SECADORA BRILHO ROSÉ BIVOLT | POTĘNCIA 1300W | 3 EM 1: ALISA, MODELA E DÁ VOLUME | 3 NÍVEIS DE TEMPERATURA| MULTICERDAS EM NYLON| REVESTIMENTO NANOCERAMIC GLASS | CABO GIRATÓRIO 360°|MULTI CARE   ;5693;1824;32,0%
EP;GO401;CHALEIRA ELETRICA FERVE + 220V | 1500W DE POTĘNCIA | CAPACIDADE 1,8L | RAPIDEZ NO PREPARO | DESLIGAMENTO AUTOMÁTICO | TRAVA NA TAMPA | BASE ANTIDERRAPANTE E COM PORTA-FIO | MULTI HOME   ;5347;636;11,9%
EP;CE043;SANDUICHEIRA TOSTEX GRILL 127V | 750W DE POTĘNCIA | 2 EM 1: SANDUICHEIRA E GRILL | REVESTIMENTO ANTIADERENTE | CONTROLE DE TEMPERATURA AUTOMÁTICO | TRAVA DE SEGURANÇA | LÂMPADA PILOTO | MULTI HOME   ;5142;1850;36,0%
SO;SP516;PULSE CAIXA DE SOM TORRE 2700W RMS   ;5030;1837;36,5%
EP;GO068;SANDUICHEIRA TOSTEX GRILL 220V | 750W DE POTĘNCIA | 2 EM 1: SANDUICHEIRA E GRILL | REVESTIMENTO ANTIADERENTE | CONTROLE DE TEMPERATURA AUTOMÁTICO | TRAVA DE SEGURANÇA | LÂMPADA PILOTO | MULTI HOME   ;5019;288;5,7%
AC;AC024;MOUSE PAD ERGONÔMICO COM APOIO EM GEL GRANDE PRETO   ;5010;3198;63,8%
SO;SP408;PULSE BURST 2 600W RMS 12 POL BT/AUX/USB/TWS/CARTĂO SD/FM/MIC   ;4936;1913;38,8%
SO;SP402E;Caixa de Som Pulse Burst 250W RMS 8Pol   ;4768;2123;44,5%
SO;PH428;TWS DOT 2 PULSE START PRETO   ;4427;0;0,0%
EP;GO256;AIR FRYER 10L 127V | 1500W DE POTĘNCIA | 11 FUNÇŐES PRÉ-PROGRAMADAS COM PAINEL TOUCH COLORIDO | ACOMPANHA 2 ASSADEIRAS ANTIADERENTES E 1 COLETOR DE GORDURA | MULTI HOME   ;4270;3380;79,2%
SO;PH352;EARPHONE SLIM PULSE START PRETO   ;4241;1110;26,2%
PC;UB261;NOTEBOOK ULTRA 15.6 POL CELERON N4020C 4GB 128 EMMC WINDOWS 11 HOME CINZA ESCOVADO   ;4006;555;13,9%
AC;TC270;COMBO SEM FIO CS100 USB 3BOT 1600DPI SLIM PT   ;3897;820;21,0%
ME;CD051;MIDIA CD-R VEL. 52X - 50 UN. SHRINK   ;3734;2450;65,6%
EP;GO400;CHALEIRA ELÉTRICA FERVE + 127V | 1000W DE POTĘNCIA | CAPACIDADE 1,8L | RAPIDEZ NO PREPARO | DESLIGAMENTO AUTOMÁTICO | TRAVA NA TAMPA | BASE ANTIDERRAPANTE E COM PORTA-FIO | MULTI HOME   ;3654;48;1,3%
EP;CE044;SANDUICHEIRA TOSTEX GRILL 220V | 750W DE POTĘNCIA | 2 EM 1: SANDUICHEIRA E GRILL | REVESTIMENTO ANTIADERENTE | CONTROLE DE TEMPERATURA AUTOMÁTICO | TRAVA DE SEGURANÇA | LÂMPADA PILOTO | MULTI HOME   ;3638;297;8,2%
NB;NB413;TABLET MICKEY 64 GB   ;3401;1625;47,8%
SO;PH430;HEADPHONE BLUETOOTH PULSE PRETO HB200   ;3365;1284;38,2%
ME;MC163;2X1: LEITOR USB + CARTAO DE MEMORIA CLASSE 10 32GB   ;3353;758;22,6%
AC;PA001;PILHA ALCALINA AA - 4 UNIDADES   ;3341;1220;36,5%
NB;NB414;TABLET MINNIE 64 GB   ;3262;1638;50,2%
HC;HC021N;BALANCA DIGITAL CORPORAL DIGIHEALTH PRATA - MULTI SAÚDE   ;3231;906;28,0%
AC;CB045;CARREGADOR DE PILHAS MULTILASER 2 X AA+ 2 X AAA - 12 HORAS   ;3164;1103;34,9%
AC;PA002;PILHA ALCALINA AAA - 4 UNIDADES   ;3146;1220;38,8%
IC;HKM256S22A;;3100;0;0,0%
AC;CB054;CARREGADOR DE PILHAS MULTILASER 4XAA -12H   ;3058;870;28,4%
VT;43V35RS;TV TOSHIBA 43 POL 43V35RS FULL HD   ;3022;1500;49,6%
ME;PD591;PENDRIVE TWIST PRETO 128GB   ;3012;218;7,2%
EP;GO251;AIR FRYER 3L 220V | 1200W DE POTĘNCIA | FUNÇĂO 4 EM 1: ASSA, FRITA, TOSTA E GRATINA | TIMER DE 60 MINUTOS | TEMPERATURA AJUSTÁVEL | CESTO ANTIADERENTE | PRÁTICA E SAUDÁVEL | MULTI HOME   ;2980;0;0,0%
EP;GO257;AIR FRYER 10L 220V | 1500W DE POTĘNCIA | 11 FUNÇŐES PRÉ-PROGRAMADAS COM PAINEL TOUCH COLORIDO | ACOMPANHA 2 ASSADEIRAS ANTIADERENTES E 1 COLETOR DE GORDURA | MULTI HOME   ;2878;1098;38,2%
AC;MO350;MOUSE BLUETOOTH MBT50 CLIQUE SILENCIOSO PILHA INCLUSA 1AA BOTĂO LIGA/DESLIGA DPI AJUSTÁVEL 800/1200/1600 CÓD ANATEL: 04278-25-06569   ;2793;468;16,8%
AC;PH317;HEADSET COM FIO HF700 CONEXĂO USB CABO DE 180CM CANCELAMENTO DE RUÍDO CONTROLE DE VOLUME E MICROFONE DRIVER 40MM POTĘNCIA 30MW PRETO   ;2671;1251;46,8%
AC;CB169;CARREGADOR DE PAREDE USB A BRANCO 5W   ;2614;336;12,9%
AC;MO277;MOUSE SEM FIO MS2500 USB 1600 DPI AJUSTAVEL 6BOT COMPACTO RECARREGAVEL PT   ;2588;83;3,2%
AC;MO396;Combo Warrior Mouse e Mousepad Armory - com fio   ;2553;1050;41,1%
SO;PH354;EARPHONE EARBUD PULSE STARTPRETO   ;2475;2105;85,1%
AC;PH467;HEADSET COM FIO HF250 CABO DE 150CM P3 COM ADAPTADOR USB COM CONTROLE DE VOLUME INTEGRADO   ;2470;554;22,4%
AC;CB050;PILHAS RECARREGAVEIS AAA (1000MAH) - 4 UNIDADES   ;2459;193;7,8%
AC;TC144;TECLADO COM FIO TF400 USB SLIM SILENCIOSO 150CM PT   ;2452;1506;61,4%
ME;PD989;PENDRIVE USB 3.0 TWIST PRETO 32GB   ;2429;13;0,5%
AC;PH002;HEADSET COM FIO HF100 CONEXĂO P2 CABO DE 180CM DRIVER 30MM POTĘNCIA 100MW MICROFONE FLEXÍVEL PRETO   ;2421;758;31,3%
EP;GO132;CHURRASQUEIRA ELETRICA GOURMET 220V | 2000W DE POTĘNCIA | SEM FUMAÇA | FÁCIL DE LIMPAR | ACABAMENTO EM AÇO INOX | GRELHA COM ALTURA AJUSTÁVEL | BANDEJA COLETORA DE GORDURA | MULTI HOME   ;2336;-44;-1,9%
EP;EB116;ESCOVA SECADORA 2 EM 1 COMPACTA BIVOLT 1200W   ;2305;2232;96,8%
AC;TC206;TECLADO COM FIO TM100 USB SLIM SILENCIOSO 130CM PT   ;2291;699;30,5%
EP;GO003;PANELA DE ARROZ 5 XICARAS 127V | 400W DE POTĘNCIA | FUNÇĂO MANTER AQUECIDO | PRATICIDADE NO PREPARO | ACOMPANHA: COLHER, COPO DOSADOR, BANDEJA E CABO REMOVÍVEL | REVESTIMENTO ANTIADERENTE | MULTI HOME   ;2216;1953;88,1%
EF;VL402;VENTILADOR DE MESA 40CM MULTI TURBO 40 - 220V 60Hz 135W PRETO   ;2178;211;9,7%
AC;CB167;CARREGADOR DE PAREDE USB C 20W BRANCO   ;2151;360;16,7%
AC;TC212;COMBO SEM FIO CS400 USB 3BOT 1200DPI SLIM COMPACTO SILENCIOSO PT   ;2036;987;48,5%
ME;MC153;4X1: ADAPT USB DUAL DRIVE+ADAPT SD+CARTAO MEMORIA UHS3 C10 128GB   ;1943;49;2,5%
AC;WI442;CABO TIPO C 1.2M BRANCO   ;1934;16;0,8%
EP;GO253;AIR FRYER 4.2L 220V | 1350W DE POTĘNCIA | FUNÇĂO 4 EM 1: ASSA, FRITA, TOSTA E GRATINA | TIMER SONORO DE 60 MINUTOS | TEMPERATURA AJUSTÁVEL | MAIOR ESPAÇO INTERNO | PRÁTICA E SAUDÁVEL | MULTI HOME   ;1855;512;27,6%
VT;TB031M;;1801;1004;55,7%
ME;DV052;MIDIA DVD-R VEL. 16X - 50 UN. SHRINK IMPRIMIVEL BRANCO   ;1692;1473;87,1%
AC;AC166;BASE COOLER PARA NOTEBOOK COM 1 VENTILADOR E 4 NÍVEIS DE ALTURA   ;1664;276;16,6%
EP;GO501;PANELA DE ARROZ 10 XICARAS 220V | 700W DE POTĘNCIA | FUNÇĂO MANTER AQUECIDO | 1,8L DE CAPACIDADE | ACOMPANHA: COLHER, COPO DOSADOR, BANDEJA E CABO REMOVÍVEL | REVESTIMENTO ANTIADERENTE | MULTI HOME   ;1658;512;30,9%
AC;PZ001;PILHA DE ZINCO AA 4 UNIDADES   ;1651;1200;72,7%
SO;PH330;FONE DE OUVIDO INTRA AURICULAR PULSE POWERBASS PRETO.   ;1621;1541;95,1%
EP;HO705;FERRO DE PASSAR A VAPOR LISO FÁCIL 220V | 1400W DE POTĘNCIA | TECNOLOGIA MODOFLEX: SECO OU A VAPOR | FUNÇĂO AUTOLIMPEZA | RESERVATÓRIO DE ÁGUA | SISTEMA CORTA-PINGOS | BASE ANTIADERENTE | MULTI HOME   ;1591;140;8,8%
AC;WI453;CABO USBC USBC 1.2M BRANCO   ;1557;365;23,4%
AC;AC439;SUPORTE NOTEBOOK REGULÁVEL COM HASTE EM ALUMINIO PRETO   ;1552;28;1,8%
NB;NB422;TABLET PATRULHA CANINA SKYE 64 GB   ;1538;43;2,8%
AC;PZ002;PILHA DE ZINCO AAA - 4 UNIDADES   ;1517;1200;79,1%
NB;NB421;TABLET PATRULHA CANINA CHASE 64 GB   ;1505;53;3,5%
AC;AC430;;1504;44;2,9%
EP;HO701;FERRO DE PASSAR A SECO EASYGLIDE 220V | 1200W DE POTĘNCIA | BASE ANTIADERENTE | TECNOLOGIA SALVA-BOTŐES | CONTROLE DE TEMPERATURA | CABO 360° | LUZ INDICADORA | DESIGN LEVE E CONFORTÁVEL | MULTI HOME   ;1467;0;0,0%
EP;GO252;AIR FRYER 4.2L 127V | 1350W DE POTĘNCIA | FUNÇĂO 4 EM 1: ASSA, FRITA, TOSTA E GRATINA | TIMER SONORO DE 60 MINUTOS | TEMPERATURA AJUSTÁVEL | MAIOR ESPAÇO INTERNO | PRÁTICA E SAUDÁVEL | MULTI HOME   ;1462;391;26,7%
AC;AC444;HUB USB 3.0 COM 4 PORTAS PRETO   ;1440;1195;83,0%
ME;DV061;MIDIA DVD-R VEL. 16X - 50 UN. SHRINK   ;1440;950;66,0%
AC;TC251;COMBO SEM FIO CS300 USB TECLAS FLUTUANTES 3BOT 1200DPI SLIM COMPACTO PT   ;1431;180;12,6%
AC;AC125;AC.DESKTOP SUPORTE MONITOR QUADRADO 4 NIVEIS DE ALTURA   ;1404;268;19,1%
AC;TC609;KIT COMBO C FIO CF600 CABO 120CM USB (MO300+TF600) COM TECLAS SILENCIOSAS   ;1398;137;9,8%
AC;TC304;Combo Warrior 4 em 1 Air Drop - Teclado, Mouse, Headset e Mousepad   ;1376;12;0,9%
AC;CB053;PILHAS RECARREGAVEIS AA (2500MAH) - 2 UNIDADES   ;1350;73;5,4%
NB;NB409;TABLET M7 WIFI 2/2+64GB PRETO   ;1350;576;42,7%
VT;TB016M;TV TOSHIBA 32 POL 32V35L HD   ;1327;0;0,0%
VD;TL067M;TV MULTI 50 POL 4K ANDROID TV   ;1284;0;0,0%
AC;AC059;AC.DESKTOP SUPORTE ERGONOMICO PARA PES ANGULAVEL   ;1278;307;24,0%
AC;AC033;APOIO DE PULSO/PUNHO ERGONÔMICO PARA TECLADO EM GEL PRETO   ;1245;418;33,6%
EP;HO600;ASPIRADOR VERTICAL TURBO SWEEP 127V | 1350W DE POTĘNCIA | 2 EM 1: VERTICAL E DE MĂO | FILTRO HEPA | CAPACIDADE DE 1L | BOCAL PARA CANTOS E FRESTAS | CABO ELÉTRICO DE 4 METROS | MULTI HOME   ;1221;865;70,8%
AC;AC366;APOIO DE PULSO/PUNHO ERGONÔMICO DOT PARA TECLADO EM GEL PRETO   ;1217;890;73,1%
AC;WI272;ADAPTADOR DE REDE USB 2.0 PARA RJ45 FAST ETHERNET 100Mbps   ;1208;1070;88,6%
PC;UB251;;1200;1200;100,0%
EP;GO038;CAFETEIRA ELÉTRICA 32 XICARAS 220V | 900W DE POTĘNCIA | 1.2L | SISTEMA CORTA-PINGO | FILTRO REUTILIZÁVEL E LAVÁVEL | PLACA AQUECEDORA AUTOMÁTICA | BASE COM INDICADOR DE ÁGUA | MULTI HOME   ;1176;0;0,0%
VT;TB029M;TV TOSHIBA 50 POL 4K DLED 50C350NS VIDAA   ;1126;8;0,7%
EP;EB300;SECADOR DE CABELO BRILHO ROSÉ 127V | 1900W DE POTĘNCIA | 3 TEMPERATURAS | 2 VELOCIDADES | JATO DE AR FRIO | BOCAL DIRECIONADOR | ALÇA PARA PENDURAR | MULTI CARE   ;1086;1032;95,0%
AC;CB093;CARREGADOR DE PILHAS MULTILASER 4 X AA+ 4 X AAA - 12 HORAS   ;1084;511;47,1%
AC;CB052;PILHAS RECARREGAVEIS AA (2500MAH) - 4 UNIDADES   ;1082;362;33,5%
EP;GO250;AIR FRYER 3L 127V | 1200W DE POTĘNCIA | FUNÇĂO 4 EM 1: ASSA, FRITA, TOSTA E GRATINA | TIMER DE 60 MINUTOS | TEMPERATURA AJUSTÁVEL | CESTO ANTIADERENTE | PRÁTICA E SAUDÁVEL | MULTI HOME   ;1058;138;13,0%
AC;WI470;;1049;1049;100,0%
VD;TL066M;TV 43 POL FHD ANDROID MULTI   ;1040;10;1,0%
EP;GO017;MIXER DUO TURBO 127V | 200W DE POTĘNCIA | 2 VELOCIDADES | LÂMINAS DE AÇO INOX | ACOMPANHA COPO DOSADOR DE 700ML | DESIGN ERGONÔMICO | CORPO DESMONTÁVEL | MULTI HOME   ;1006;870;86,5%
EP;GO014;LIQUIDIFICADOR SHAKE 220V-300W 2 COPOS E FUNCAO PULSAR   ;1002;318;31,7%
AC;WC056;WEBCAM 720P 30FPS FOCO FIXO C/ MICROFONE INTEGRADO E CAMERA DE PRIVACIDADE COM CABO DE 2M   ;1000;749;74,9%
IC;HKM512P82A;;1000;0;0,0%
IC;HKM512S22A;;1000;0;0,0%
EP;GO013;LIQUIDIFICADOR SHAKE 127V-300W 2 COPOS E FUNCAO PULSAR   ;992;848;85,5%
SO;SP514;PULSE STORM 2 DOUBLE 10 1500W RMS   ;983;52;5,3%
EP;GO131;CHURRASQUEIRA ELETRICA GOURMET 127V | 1800W DE POTĘNCIA | SEM FUMAÇA | FÁCIL DE LIMPAR | ACABAMENTO EM AÇO INOX | GRELHA COM ALTURA AJUSTÁVEL | BANDEJA COLETORA DE GORDURA | MULTI HOME   ;953;-336;-35,3%
AC;WI300;FILTRO DE LINHA 5 TOMADAS BRANCO   ;931;314;33,7%
SO;SP517;PULSE CAIXA DE SOM TORRE 2500W RMS   ;899;2;0,2%
ME;MC161;;896;20;2,2%
EP;GO500;PANELA DE ARROZ 10 XICARAS 127V | 700W DE POTĘNCIA | FUNÇĂO MANTER AQUECIDO | 1,8L DE CAPACIDADE | ACOMPANHA: COLHER, COPO DOSADOR, BANDEJA E CABO REMOVÍVEL | REVESTIMENTO ANTIADERENTE | MULTI HOME   ;894;700;78,3%
AC;PH367;HEADSET COM FIO HF200 CONEXĂO P3 CABO DE 150CM DRIVER 40 MM POTĘNCIA 45MW MICROFONE AJUSTAVEL PRETO   ;871;355;40,8%
EP;GO035;CAFETEIRA ELÉTRICA 15 XICARAS 127V | 650W DE POTĘNCIA | FUNÇĂO MANTER AQUECIDO | CAPACIDADE DE 650ML | FACILIDADE NO PREPARO | INDICADOR DE ÁGUA | SISTEMA CORTA-PINGO | MULTI HOME   ;861;609;70,7%
EF;LQ1201;LIQUIDIFICADOR MULTI TURBO LQ1200 1.200W 127V PRETO 12 VELOCIDADES COPO 2,6 LITROS   ;859;0;0,0%
EP;HO601;ASPIRADOR VERTICAL TURBO SWEEP 220V | 1350W DE POTĘNCIA | 2 EM 1: VERTICAL E DE MĂO | FILTRO HEPA | CAPACIDADE DE 1L | BOCAL PARA CANTOS E FRESTAS | CABO ELÉTRICO DE 4 METROS | MULTI HOME   ;849;144;17,0%
EP;EB201;ESCOVA SECADORA ESSENCIAL BIVOLT| POTĘNCIA 1300W | 3 EM 1: ALISA, MODELA E DÁ VOLUME | 3 NÍVEIS DE TEMPERATURA | MULTICERDAS EM NYLON | REVESTIMENTO NANOCERAMIC GLASS | CABO GIRATÓRIO 360°| MULTI CARE   ;844;432;51,2%
AC;WI297;FILTRO DE LINHA 5 TOMADAS PRETO   ;842;159;18,9%
EF;LQ652;LIQUIDIFICADOR MULTI TURBO LQ650 650W 3 VELOCIDADES 2,3 LITROS 220V 60HZ PRETO   ;806;0;0,0%
AC;MO417;MOUSE SEM FIO VERTICAL MS17 CONEXĂO USB 2.4GHZ PILHAS INCLUSAS BOTĂO LIGA/DESLIGA DPI AJUSTÁVEL 800/1200/1600 ACABAMENTO EMBORRACHADO   ;804;4;0,5%
ME;CD052;MIDIA CD-R VEL. 52X - 50 UN. SHRINK IMPRIMIVEL BRANCO   ;801;707;88,3%
EP;HO704;FERRO DE PASSAR A VAPOR LISO FÁCIL 127V | 1200W DE POTĘNCIA | TECNOLOGIA MODOFLEX: SECO OU A VAPOR | FUNÇĂO AUTOLIMPEZA | RESERVATÓRIO DE ÁGUA | SISTEMA CORTA-PINGOS | BASE ANTIADERENTE | MULTI HOME   ;797;200;25,1%
EP;GO020;MIXER DUO TURBO 3 EM 1 220V | 200W DE POTĘNCIA| 3 EM 1: MIXER, PROCESSADOR E BATEDOR DE CLARAS | LÂMINA EM AÇO INOX | 2 VELOCIDADES | MINIPROCESSADOR DE 500ML E COPO DOSADOR DE 700ML | MULTI HOME   ;793;9;1,1%
VD;TL062M;TV 32 POLEGADAS HD ANDROID E WIFI INTEGRADO - MULTI   ;790;3;0,4%
VT;TB030M;TV TOSHIBA 55 POL 4K DLED 55C350NS VIDAA   ;783;0;0,0%
SO;PH434;HEADPHONE BLUETOOTH PULSE PRETO HB300   ;780;138;17,7%
EP;EB128;CORTADOR DE CABELO 4 EM 1 127V   ;775;30;3,9%
SO;SP518;PULSE CAIXA DE SOM TORRE 2000W   ;775;1;0,1%
AC;MO380;MOUSE SEM FIO MS300 USB 1200DPI 3BOT SLIM SILENCIOSO PT   ;738;83;11,2%
VD;TL059M;TV 50 POL UHD 4K ROKU MULTI   ;738;11;1,5%
EF;LQ801;LIQUIDIFICADOR MULTI TURBO LQ800 800W 5 VELOCIDADES 2,6 LITROS 127V 60HZ PRETO   ;732;36;4,9%
NG;NB825;TABLET M10 4G 4+128GB T610   ;721;1;0,1%
AC;CB051;PILHAS RECARREGAVEIS AAA (1000MAH) - 2 UNIDADES   ;720;42;5,8%
PR;PRNB425;;720;0;0,0%
SO;SP403;PULSE BURST 550W RMS 12POL   ;714;0;0,0%
AC;WI221;FILTRO DE LINHA 6 TOMADAS LINEAR PRETO   ;701;342;48,8%
HC;HC041;MUSCLE FIX - FITA KINESIO - ROLO 5CMx5M - BEGE   ;694;0;0,0%
AC;PH427;HEADSET COM FIO HF600 CONEXĂO P3 E USB CABO DE 180cm MICROFONE 150 GRAUS DRIVER 40mm POTĘNCIA 100mW PRETO   ;664;288;43,4%
AC;AC279;AC.DESKTOP SUPORTE AJUSTAVEL ERGONOMICO PARA PES   ;664;80;12,0%
EP;GO004;PANELA DE ARROZ 5 XICARAS 220V | 400W DE POTĘNCIA | FUNÇĂO MANTER AQUECIDO | PRATICIDADE NO PREPARO | ACOMPANHA: COLHER, COPO DOSADOR, BANDEJA E CABO REMOVÍVEL | REVESTIMENTO ANTIADERENTE | MULTI HOME   ;649;110;16,9%
AC;MO384;MOUSE SEM FIO ERGONOMICO MS800 USB 1600DPI AJUSTAVEL 6BOT VERTICAL SILENCIOSO PT   ;630;400;63,5%
HC;HC040;MUSCLE FIX - FITA KINESIO - ROLO 5CMx5M - PRETO   ;622;0;0,0%
AC;MO290;MOUSE SEM FIO MS600 USB 1600 - 2400DPI AJUSTAVEL 4BOT SLIM SILENCIOSO RECARREGAVEL PT   ;614;220;35,8%
AC;RF005;Refil De Tinta Para Impressoras Epson T664 100ML Cor Preto - RF005   ;601;40;6,7%
HC;HC060N;;600;0;0,0%
SO;SP511;PULSE PULSEBOX 3 DOUBLE 8 1400W RMS   ;591;1;0,2%
HC;HC489;KIT COM 50 TIRAS PARA GLICEMIA GLICOCHECK   ;588;0;0,0%
HC;HC171;;578;506;87,5%
AC;MO381;MOUSE SEM FIO MS400 USB 2400DPI AJUSTAVEL 6BOT ERGONOMICO SILENCIOSO PT   ;575;57;9,9%
AC;BO400;CASE NEOPRENE PARA NOTEBOOK ATE 15.6 POL. PRETO E CINZA   ;569;15;2,6%
EP;HO700;FERRO DE PASSAR A SECO EASYGLIDE 127V | 1200W DE POTĘNCIA | BASE ANTIADERENTE | TECNOLOGIA SALVA-BOTŐES | CONTROLE DE TEMPERATURA | CABO 360° | LUZ INDICADORA | DESIGN LEVE E CONFORTÁVEL | MULTI HOME   ;555;14;2,5%
TE;P9227;CELULAR FLIP VITA 4G PRETO   ;548;28;5,1%
EP;EB174;SECADOR DE CABELO ESSENCIAL 220V | 2000W DE POTĘNCIA | 3 TEMPERATURAS | 2 VELOCIDADES | JATO DE AR FRIO | BOCAL DIRECIONADOR | ALÇA PARA PENDURAR | MULTI CARE   ;545;24;4,4%
AC;AC443;HUB USB 2.0 COM 4 PORTAS PRETO   ;541;78;14,4%
AC;WI444;CABO LIGHTNING 1.2M BRANCO (IPHONE)   ;539;361;67,0%
EP;EB301;SECADOR DE CABELO BRILHO ROSÉ 220V | 2000W DE POTĘNCIA | 3 TEMPERATURAS | 2 VELOCIDADES | JATO DE AR FRIO | BOCAL DIRECIONADOR | ALÇA PARA PENDURAR | MULTI CARE   ;530;324;61,1%
VT;TB032M;TV TOSHIBA 65 POL 4K DLED 65C350NS VIDAA   ;523;16;3,1%
EP;EB401;PRANCHA DE CABELO ESSENCIAL BIVOLT | 40W DE POTĘNCIA | ALISE OU MODELE | CABO GIRATÓRIO 360°| LIGA/DESLIGA COM LUZ INDICADORA | TRAVA DE SEGURANÇA | FORMATO ARREDONDADO | DESIGN LEVE | MULTI CARE   ;522;204;39,1%
SO;WR201;PULSEIRA SMARTBAND B2 ROSE   ;512;0;0,0%
ME;PD601;;510;26;5,1%
AC;TSB966;MOCHILA INTELLECT ESSENTIALS TARGUS PARA NOTEBOOKS 15.6 1 COMPARTIMENTO PRINCIPAL 1 COMPARTIMENTO ACOLCHOADO PARA NOTEBOOKS 1 COMPARTIMENTO FRONTAL DE FÁCIL ACESSO FEITO DE POLYESTER RESISTENTE A AGUA   ;509;224;44,0%
NB;NB426;TABLET M8 WIFI 4/64GB CINZA   ;509;42;8,3%
SO;WR200;PULSEIRA SMARTBAND B2 PRETO   ;507;0;0,0%
SO;PH433;TWS WF 200 PULSE BRANCO, BATERIA DE LONGA DURAÇĂO DE ATÉ 20 HORAS   ;507;80;15,8%
AC;TC183;COMBO SEM FIO CS200 USB 3BOT 1000DPI COMPACTO SILENCIOSO PT   ;506;44;8,7%
NB;MI101;TABLET INFANTIL MIRAGE 49T 8 POLEGADAS   ;505;0;0,0%
NB;NB438;TABLET MICKEY M8 WIFI 4/64GB OCTA CORE   ;504;0;0,0%
SO;PH413;;493;493;100,0%
AC;TC312;Teclado Gamer Warrior Mecânico Royal Cross, TKL, Blue Switch, ABNT2, RGB - Preto   ;482;205;42,5%
HC;HC043;MUSCLE FIX - FITA KINESIO - ROLO 5CMx5M - VERMELHA   ;478;0;0,0%
EP;GO230;AIR FRYER 3.5L 220V | 1350W DE POTĘNCIA | FUNÇĂO 4 EM 1: ASSA, FRITA, TOSTA E GRATINA | COM GRADE ANTIADERENTE | SELETOR DE TEMPERATURA E TIMER SONORO DE 60 MINUTOS | PRÁTICA E SAUDÁVEL | MULTI HOME   ;478;78;16,3%
IC;HKM256S21B;SSD HIKVISION 2.5 SATA 256 GB   ;469;0;0,0%
HC;HC028;MUSCLE FIX - FITA KINESIO - ROLO 5CMx5M - ROSA   ;466;0;0,0%
HC;HC042;MUSCLE FIX - FITA KINESIO - ROLO 5CMx5M - AZUL   ;466;0;0,0%
AC;CB168;CARREGADOR DE PAREDE USB C 20W PRETO   ;454;370;81,5%
PC;UB250;NOTEBOOK ULTRA 14 POL CELERON N4020C 4GB 128GB eMMC WINDOWS 11 CINZA ESCOVADO   ;450;15;3,3%
AC;CB007;CARREGADOR FONTE UNIVERSAL PARA NOTEBOOK 90W   ;434;126;29,0%
AC;CT0301;CARTUCHO TONER HP UNIVERSAL 285/435/436 PRETO   ;432;61;14,1%
EP;GO101;PIPOQUEIRA ELÉTRICA 220V | 1200W DE POTĘNCIA | PREPARA PIPOCA EM MINUTOS | SAUDÁVEL E SEM ÓLEO | SABOR CINEMA | ACOMPANHA COLHER DOSADORA | BOCAL DIRECIONADOR | MULTI HOME   ;426;0;0,0%
NB;NB410;TABLET KID PAD AZUL 64 GB   ;425;7;1,6%
SO;PH432;TWS WF 200 PULSE PRETO, BATERIA DE LONGA DURAÇĂO DE ATÉ 20 HORAS   ;402;10;2,5%
ME;PD988;;393;152;38,7%
AC;BO207;;389;0;0,0%
AC;AC027;MOUSE PAD SLIM CAIXA COM 20 UNIDADES PRETO   ;388;85;21,9%
EP;GO018;MIXER DUO TURBO 220V | 200W DE POTĘNCIA | 2 VELOCIDADES | LÂMINAS DE AÇO INOX | ACOMPANHA COPO DOSADOR DE 700ML | DESIGN ERGONÔMICO | CORPO DESMONTÁVEL | MULTI HOME   ;387;138;35,7%
AC;TC311;Teclado Gamer Warrior Mecânico Royal Precision, 60%, Blue Switch, ABNT2, RGB - Artic Edition   ;384;331;86,2%
NB;NB411;TABLET KID PAD ROSA 64 GB   ;383;9;2,3%
AC;TSB194;MOCHILA MOTOR TARGUS PARA NOTEBOOKS 15.6 POLEGADAS 1 COMPARTIMENTO ACOLCHOADO PARA NOTEBOOKS 1 COMPARTIMENTO PRINCIPAL 1 COMPARTIMENTO PARA ACESSÓRIOS FEITO DE POLYESTER RESISTENTE A AGUA   ;373;232;62,2%
AC;AC376;SUPORTE PARA NOTEBOOK REGULAVEL EM METAL PRETO   ;367;110;30,0%
AC;AC377;SUPORTE PARA NOTEBOOK REGULAVEL EM PLASTICO PRETO   ;367;207;56,4%
NB;NB418;TABLET PRINCESAS 64 GB   ;367;209;56,9%
AC;AC285;APRESENTADOR SEM FIO PEN MULTI PS100 COM LASER POINTER VERMELHO, CONEXĂO USB COM ALCANCE DE 10m E PILHA INCLUSA.   ;354;128;36,2%
AC;AC378;SUPORTE PARA NOTEBOOK REGULAVEL PORTATIL EM ALUMINIO PRATA   ;353;26;7,4%
BR;BR373;FLAT BALL AIR SOCCER   ;351;101;28,8%
BR;BR2201;MICKEY E AMIGOS PELÚCIAS COM MECANISMO DISPLAY 12PCS   ;348;180;51,7%
RE;GS0641;RECEPTOR DE SINAL DIGITAL EAF NAGRA   ;340;0;0,0%
VT;40V35RS;;333;0;0,0%
SO;WR204;SMARTWATCH MULTI M2 AMOLED PRETO   ;329;7;2,1%
AC;RF008;Refil De Tinta Para Impressoras Epson T664 100ML Cor Amarelo - RF008   ;327;35;10,7%
VT;TB033M;TV TOSHIBA 75 POL 4K DLED 75C350NS VIDAA   ;325;2;0,6%
AC;WI458;CABO TIPO C 2M BRANCO   ;324;48;14,8%
AC;RF007;Refil De Tinta Para Impressoras Epson T664 100ML Cor Magenta - RF007   ;323;20;6,2%
EP;EB173;SECADOR DE CABELO ESSENCIAL 127V | 1900W DE POTĘNCIA | 3 TEMPERATURAS | 2 VELOCIDADES | JATO DE AR FRIO | BOCAL DIRECIONADOR | ALÇA PARA PENDURAR | MULTI CARE   ;323;144;44,6%
SO;WR203;SMARTWATCH MULTI L2 ROSE   ;320;14;4,4%
AC;TC314;Teclado Gamer Warrior Mecânico Royal Precision, 60%, Blue Switch, ABNT2, RGB - Preto e Branco   ;314;286;91,1%
AC;WI457;CABO TIPO C 2M PRETO   ;312;24;7,7%
AC;TC301;COMBO SEM FIO CS1200 BLUETOOTH APOIO DE PULSO SILENCIOSO 3200DPI AJUSTAVEL PT   ;306;153;50,0%
AC;RF006;Refil De Tinta Para Impressoras Epson T664 100ML Cor Ciano - RF006   ;302;20;6,6%
AC;CB174;CARREGADOR PORTÁTIL (POWER BANK) 20.000 mAh COM LUZ INDICADOR DE BATERIA   ;299;14;4,7%
AC;AC076;LEITOR DE CARTĂO DE MEMÓRIA UNIVERSAL USB 2.0 BRANCO   ;298;35;11,7%
EP;EB129;CORTADOR DE CABELO 4 EM 1 220V   ;296;0;0,0%
EP;GO229;AIR FRYER 3.5L 127V | 1350W DE POTĘNCIA | FUNÇĂO 4 EM 1: ASSA, FRITA, TOSTA E GRATINA | COM GRADE ANTIADERENTE | SELETOR DE TEMPERATURA E TIMER SONORO DE 60 MINUTOS | PRÁTICA E SAUDÁVEL | MULTI HOME   ;289;268;92,7%
AC;AC066;MOUSE PAD SLIM CAIXA COM 40 UNIDADES CORES SORTIDAS   ;288;24;8,3%
AC;MO403;MOUSE SEM FIO MS750 USB 2.4GHZ + BLUETOOTH RECARREGAVEL SILENCIOSO 6 BOTŐES E DPI AJUSTÁVEL 800-1600 PRETO   ;287;24;8,4%
PC;PC137L;;279;279;100,0%
BR;BR2437;PELÚCIA GARFIELD BEBĘ 20CM   ;276;180;65,2%
SO;PH435;HEADPHONE BLUETOOTH PULSE BRANCO HB300   ;264;134;50,8%
AC;WI455;CABO LIGHTNING 2M PRETO   ;264;12;4,5%
ME;MC152;4X1 ADAPT USB DUAL DRIVE+ADAPT SD+CARTAO MEMORIA UHS1 C10 64GB   ;262;44;16,8%
AC;AC700;;258;237;91,9%
AC;WI443;CABO TIPO C 1.2M PRETO   ;258;0;0,0%
VT;32V35RS;TV TOSHIBA 32POL HD 32V35RS VIDAA   ;252;0;0,0%
EP;GO019;MIXER DUO TURBO 3 EM 1 127V | 200W DE POTĘNCIA| 3 EM 1: MIXER, PROCESSADOR E BATEDOR DE CLARAS | LÂMINA EM AÇO INOX | 2 VELOCIDADES | MINIPROCESSADOR DE 500ML E COPO DOSADOR DE 700ML | MULTI HOME   ;252;116;46,0%
IC;HIM324U082A;;250;0;0,0%
IC;HIM324S162A;;250;0;0,0%
AC;CB173;CARREGADOR PORTÁTIL (POWER BANK) 10.000 mAh COM LUZ INDICADORA DE BATERIA   ;246;180;73,2%
AC;MO390;;244;131;53,7%
NB;NB416;TABLET FROZEN II 64 GB   ;242;20;8,3%
BR;BR1969;JOGO TAPALAVRAS   ;230;44;19,1%
AC;AC445;HUB USB TIPO-C 4 PORTAS PRETO   ;228;22;9,6%
VT;TB036M;TV TOSHIBA 65POL 4K QLED 65C450NS GOOGLE   ;228;0;0,0%
AC;PH501;HEADSET COM FIO HF1100 CABO USB + ADAPTADOR USB-C CABO DE 150 CM COM CONTROLE DE VOLUME INTEGRADO ACOLCHOAMENTO ULTRA COMFORTO DRIVER DE 40MM ACABAMENTO REFORÇADO   ;223;24;10,8%
AC;CB170;CARREGADOR DE PAREDE USB A PRETO 5W   ;221;96;43,4%
SO;PH355;EARPHONE EARBUD PILSE START BRANCO   ;218;0;0,0%
PC;UB830;All in One Ultra, com Windows 11 Home, Intel Celeron 4GB 120GB SSD, Tela 23,8'' FHD + Microsoft 365 Personal + 1TB na Nuvem Branco - UB830   ;217;102;47,0%
AC;MO342;MOUSE SEM FIO MS300 CONEXĂO USB 1200DPI 3 BOTŐES DESIGN SLIM CLIQUE SILENCIOSO ALIMENTAÇĂO 1 PILHA AA(INCLUSA) ATÉ 12 MESES DE DURAÇĂO CINZA   ;213;20;9,4%
AC;SP172;CAIXAS DE SOM 2.1 C/ SUBWOOFER 14W RMS ALIMENTAÇĂO USB CONEXĂO P2 CONTROLE DE VOLUME E GRAVES PRETO   ;209;207;99,0%
ME;MC151;4X1 ADAPT USB DUAL DV+SD+CART U1 C10 32GB   ;208;192;92,3%
BR;BR2483;HOT WHEELS CARROS TUBARĂO COM LUZ E SOM   ;204;204;100,0%
VT;TB034M;TV TOSHIBA 50POL 4K QLED 50C450NS GOOGLE   ;203;0;0,0%
EP;GO138;FOGAO ELETRICO EASY COOK DUO 127V   ;201;4;2,0%
SO;WR205;SMARTWATCH MULTI M2 AMOLED ROSE   ;201;5;2,5%
PG;MN801DP;Monitor Multi 24 Pol. 60Hz Office Ultra - MN801DP Display Port   ;200;0;0,0%
IC;HKM128S22A;;200;0;0,0%
BR;BR2489;Dreameez Fashion Doll Fashionista 29cm   ;200;0;0,0%
AC;WI440;CABO MICRO USB 1.2M BRANCO   ;199;12;6,0%
AC;TC269;KIT COMBO TECLADO E MOUSE SEM FIO CS100 DESIGN SLIM SEM LOGO EMBALAGEM PARDA 12 TECLAS MULTIMÍDIA CONEXĂO 2,4GHz USB 1600DPI PRETO   ;199;6;3,0%
AC;WI373;CONVERSOR ADAPTADOR USB TIPO C PARA HDMI 4K ULTRA HD   ;195;9;4,6%
AC;TBB581;MOCHILA SAFIRE PLUS TARGUS PARA NOTEBOOKS 15.6 POLEGADAS 1 COMPARTIMENTO PRINCIPAL ACOLCHOADO PARA NOTEBOOKS 1 COMPARTIMENTO PARA ACESSÓRIOS FEITO DE TECIDO RESISTENTE A AGUA PRETO   ;193;183;94,8%
BR;BR2061;SHARK ATTACK - TUBARĂO R/C   ;181;12;6,6%
AC;TC202;COMBO SEM FIO CS900 USB 4BOT 1600DPI AJUSTAVEL COMPACTO SILENCIOSO PT   ;180;106;58,9%
DC;DJI033;Drone DJI Mini 3 Fly More Combo (Com tela) BR   ;180;13;7,2%
BR;BR2365;FIGURAS BRAWL STARS 2 PACK SORTIDO   ;180;0;0,0%
AC;CVR617;MOCHILA GROOVE TARGUS PARA NOTEBOOKS 17 POLEGADAS 1 COMPARTIMENTO PRINCIPAL 1 COMPARTIMENTO ACOLCHOADO PARA NOTEBOOKS 1 COMPARTIMENTO PARA ACESSÓRIOS FEITA DE NYLON COM FUNDO DE PVC RESISTENTE A AGUA   ;180;180;100,0%
IC;HKM128S21A;SSD HIKVISION 2.5 SATA 128 GB   ;177;8;4,5%
EP;CE076;MINI PROCESSADOR RÁPIDO CHEF 127V | 100W DE POTĘNCIA | FACILIDADE NO PREPARO | ALTA VELOCIDADE | TECNOLOGIA SAFE TOUCH | BOTĂO PULSAR | LÂMINA EM AÇO INOX | PÉS ANTIDERRAPANTES | MULTI HOME   ;176;42;23,9%
AC;CN600;MOCHILA TARGUS CLASSIC ECOSMART PARA NOTEBOOK 16 POLEGADAS PRETO   ;173;156;90,2%
AC;TC310;KIT COMBO TECLADO E MOUSE COM FIO CF300 12 TECLAS MULTIMÍDIA CONEXĂO USB CABO DE 180CM 1200DPI COM CLIQUE SILENCIOSO TECLAS CHOCOLATE MACIAS E SILENCIOSAS PRETO   ;173;45;26,0%
BR;BR2255;CROCKY ATTACK - CROCODILO DE CONTROLE REMOTO   ;169;12;7,1%
EF;LQ651;LIQUIDIFICADOR MULTI TURBO LQ650 650W 3 VELOCIDADES 2,3 LITROS 127V 60HZ PRETO   ;168;156;92,9%
BR;BR2375;;168;0;0,0%
BR;BR2104;PELÚCIA BOB ESPONJA - PATRICK 30CM   ;166;22;13,3%
AC;WI449;CABO MICRO USB 1.2M PRETO   ;165;0;0,0%
DC;DJI071;Drone DJI Neo 2 Fly More Combo (Sem tela) BR   ;165;15;9,1%
EP;HO463;FERRO DE PASSAR A VAPOR ROXO 220V 2000W COM BASE CERÂMICA, VAPOR EXTRA, FUNÇĂO SPRAY, BASE SALVA BOTŐES, CABO GIRATÓRIO 360° E RESERVATÓRIO COM INDICADOR DE NÍVEL   ;165;0;0,0%
ME;MC154;4X1: ADAPT USB DUAL DRIVE/OTG TIPO C+ADAPT SD+CARTAO MEMORIA UHS3 C10 256GB   ;164;113;68,9%
BR;BR1195;;164;158;96,3%
BR;BR2087;PROJETOR DE DESENHOS HOT WHEELS   ;164;6;3,7%
NB;NB359;TABLET M10 WIFI 6/128GB CINZA   ;162;0;0,0%
VT;TB037M;TV TOSHIBA 75POL 4K QLED 75C450NS GOOGLE   ;162;18;11,1%
VD;TL056M;TV 43 POL FHD ROKU MULTI   ;161;10;6,2%
VD;PJ300N;Projetor Smart 300 ANSI lumens   ;160;51;31,9%
SO;SP618;PULSE JUMP   ;160;24;15,0%
AC;RZ0302740700R3U;;160;72;45,0%
BB;BB391;;160;0;0,0%
SO;SP801;PULSE PRO 2 MICROFONES ENTRY SEM FIO + RECEIVER   ;158;35;22,2%
AC;RZ0201820500;Mousepad Razer Goliathus Mobile Stealth Control/Speed - Pequeno (215 x 270 mm)   ;153;40;26,1%
AC;MO392;;149;149;100,0%
AC;TC065NAV;;149;0;0,0%
BR;BR2557;TAPETE MAGIC ACQUA PRINCESAS DISNEY LASA   ;144;0;0,0%
BR;BR2366;FIGURAS BRAWL STARS3 PACK SORTIDO   ;141;0;0,0%
SO;SP504;APARELHO ELETRICO PARA AMPLIFICACAO DE SOM PULSE(MARCA) MODELO (PULSEBOX) 6.5 POLEGADAS 600W PARA UTILIZAÇĂO EM AUDIO   ;141;2;1,4%
AC;AC267;COOLER WARRIOR LUIGIA LED VERDE 2 FANS   ;140;44;31,4%
AC;WC057;WEBCAM 2K 30 FPS COM FOCO AUTOMATICO, FILTRO DE PRIVACIDADE, MICROFONE E CONEXĂO USB CABO DE 2M   ;138;18;13,0%
HC;HC487;;138;0;0,0%
BR;BR2364;BRAWL STARS - FIGURAS COLECIONÁVEIS SORTIDAS PACK 1   ;138;0;0,0%
AC;MO341;MOUSE SEM FIO MS300 CONEXĂO USB 1200DPI 3 BOTŐES DESIGN SLIM CLIQUE SILENCIOSO ALIMENTAÇĂO 1 PILHA AA(INCLUSA) ATÉ 12 MESES DE DURAÇĂO BRANCO   ;138;20;14,5%
BR;BR2312;CARRO CONSTRUÇĂO 1:24 RETROESCAVADEIRA R/C 2.4G   ;137;0;0,0%
BR;BR2310;CARRO CONSTRUÇĂO 1:24 ESCAVADEIRA R/C 2.4G   ;137;0;0,0%
BR;BR2311;CARRO CONSTRUÇĂO 1:24 CAMINHĂO CAÇAMBA R/C 2.4G   ;136;0;0,0%
BR;BR2106;PELÚCIA BOB ESPONJA - SEU SIRIGUEJO 25CM   ;136;39;28,7%
BR;BR2488;;136;0;0,0%
AC;CB175;CARREGADOR PORTÁTIL (POWER BANK ) COM DISPLAY LCD 10.000MAH E CARREGAMENTO RÁPIDO   ;133;15;11,3%
SO;PH326;TWS AIRBUD MULTILASER   ;133;10;7,5%
EP;GO064;TORRADEIRA 220V   ;132;0;0,0%
IC;HKM512P81A;;129;0;0,0%
ME;MC164;2X1: LEITOR USB + CARTAO DE MEMORIA CLASSE 10 64GB   ;120;31;25,8%
HC;HC210;;120;120;100,0%
SO;PH333;FONE DE OUVIDO INTRA AURICULAR PULSE PRO BRANCO   ;118;0;0,0%
SO;SP620;PULSE XPLOSION 3 BT/USB/AUX/TWS IPX5   ;118;0;0,0%
BR;BR371;FLAT BALL   ;117;6;5,1%
AC;TC313;Teclado Gamer Warrior Mecânico Royal Score, Full Size, Blue Switch, ABNT2, RGB - Preto   ;116;110;94,8%
EP;EB149;PRANCHA MODELADORA TITANIO DIGITAL   ;115;0;0,0%
AC;TC407;TECLADO SEM FIO TS050 USB MULTIMIDIA PRETO   ;109;42;38,5%
BR;BR1512;PELÚCIA MINNIE C/ MECANISMO LUZ E SOM 40CM - VESTIDO ROSA   ;108;108;100,0%
BR;BR2351;PELÚCIA PLUTO PEEK A BOO C/ MECANISMO 30CM   ;108;12;11,1%
AC;OF009;FRAGMENTADORA DE PAPEL E CARTAO 6 FOLHAS EM TIRAS 10L 127V   ;108;76;70,4%
AC;TC268;TECLADO COM FIO TM700 USB ILUMINACAO LED SLIM 170CM IMPRESSĂO A LASER PT   ;104;19;18,3%
AC;SE237;VIDEO PORTEIRO SMART - WIFI   ;103;0;0,0%
AC;EN080;NOBREAK MULTI 720VA 127V/127V - M1 720VA   ;103;0;0,0%
AC;AC385;APRESENTADOR SEM FIO MULTI PS200 COM LASER POINTER VERMELHO, CONEXĂO USB COM ALCANCE DE 30m E PILHAS INCLUSAS.   ;102;5;4,9%
BR;BR2537;STUMBLE GUYS SÉRIE 3 CÁPSULA MR. STUMBLE COM CÓDIGO DLC - DISPLAY 6PCS   ;102;0;0,0%
NB;NB445;TABLET M10 4G 4/128GB   ;102;6;5,9%
SO;SP613;RETRO VITROLA DE MESA COM TAMPA DE ACRILICO MORRISON 10W BT/AUX/RCA MARCA PULSE MODELO BAZOOKA   ;102;101;99,0%
IC;HKM01TP82A;;100;0;0,0%
IC;HIM324U162A;;100;0;0,0%
PR;PR10128;;100;0;0,0%
BR;BR2521;Pelúcia Bob Esponja - Bob Esponja 45 Cm   ;99;3;3,0%
BR;BR2348;PELÚCIA MINNIE C/ MECANISMO LUZ E SOM 40CM (VESTIDO VERMELHO)   ;97;96;99,0%
NB;NB435;TABLET HOT WHEELS M8 WIFI 4/64GB   ;97;6;6,2%
BR;BR2128;MY STYLE COLEÇĂO LOVE - MINI KIT PULSEIRAS   ;97;0;0,0%
IC;SS551PP;;97;0;0,0%
HC;HC090;;96;0;0,0%
BR;BR2556;TAPETE MAGICO ACQUA AVENGERS LASA   ;96;0;0,0%
BR;BR2558;TAPETE MAGICO ACQUA BARBIE LASA   ;96;0;0,0%
BR;BR2313;MY STYLE - KIT PULSEIRAS DA AMIZADE - M - PASTEL COLORS   ;96;0;0,0%
BR;BR2314;MY STYLE - KIT PULSEIRAS DA AMIZADE - M - RAINBOW   ;96;0;0,0%
AC;WI471;ADAPTADOR DE REDE USB TIPO C PARA RJ45 GIGABIT ETHERNET 1000Mbps   ;95;0;0,0%
AC;TC402;COMBO DE TECLADO E MOUSE SEM FIO CS1100 USB SILENCIOSO DPI AJUSTAVEL DE 800 A 1600 PTO   ;95;0;0,0%
AC;WI448;CABO LIGHTNING MFI NYLON 1.5M BRANCO (IPHONE)   ;95;68;71,6%
BR;BR1814;BABY PAWS 3 MODELOS SORTIDOS   ;93;16;17,2%
AC;GA202;CADEIRA DE ESCRITORIO PRESIDENTE DELUXE   ;92;61;66,3%
DC;DJI038;Drone DJI Mini 3 Standard (Sem tela) BR   ;92;6;6,5%
EP;GO006;PANELA DE ARROZ 10 XICARAS INOX 220V   ;92;4;4,3%
BR;BR2316;MY STYLE - KIT PULSEIRAS DA AMIZADE - G - RAINBOW   ;92;0;0,0%
VD;TL052M;TV 32 POLEGADAS HD MULTI ROKU   ;90;6;6,7%
AC;AC447;HUB DOCK USB TIPO-C 5 EM 1 COM HDMI 4K, RJ45 ETHERNET, USB 3.0 E POWER DELIVERY 100W   ;90;2;2,2%
BR;BR2085;HOT WHEELS CARRO FRICÇĂO SPEED MACHINE COM LUZ E SOM 22CM 3 MOD.   ;89;85;95,5%
AC;GA231;Cadeira de escritório Ergonômica Comfort   ;89;42;47,2%
BR;BR1335;MY STYLE BEAUTY - MALETA LUXO 3 MODELOS SORTIDOS   ;88;84;95,5%
HC;HC055;UMIDIFICADOR FISHER 2,2L   ;87;75;86,2%
AC;GA204;CADEIRA DE ESCRITORIO PRESIDENTE ADAPT BRACO AJUSTAVEL   ;86;38;44,2%
NB;NB381;;86;0;0,0%
AC;TSS932;MALETA PARA NOTEBOOKS TARGUS COMPARTIMENTO ACOLCHOADO 14 POLEGADAS COM ALÇAS RETRÁTEIS PRETO   ;85;0;0,0%
SO;WR208;SMARTWATCH MULTI G2R GPS PRETO   ;84;50;59,5%
AC;MO343;MOUSE SEM FIO MS300 CONEXĂO USB 1200DPI 3 BOTŐES DESIGN SLIM CLIQUE SILENCIOSO ALIMENTAÇĂO 1 PILHA AA(INCLUSA) ATÉ 12 MESES DE DURAÇĂO VERMELHO   ;84;20;23,8%
SO;PH414;FONE DE OUVIDO BLUETOOTH TWS PULSE BUDS TOUCH BRANCO   ;84;0;0,0%
AC;TC404;COMBO DE TECLADO E MOUSE SEM FIO CS500 USB RECARREGAVEL SILENCIOSO DPI AJUSTAVEL DE 800 A 1600 PRETO   ;83;12;14,5%
AC;TC227;TECLADO NUMERICO COM FIO TFN100 USB TECLA000 COMPACTO 120CM PT   ;83;13;15,7%
VT;TB028M;TV TOSHIBA 40 POL FHD DLED 40V35MS   ;82;0;0,0%
AC;MX003;MESA DIGITALIZADORA SLIM BLUETOOTH   ;81;0;0,0%
AC;MO406;MOUSE SEM FIO MULTIMODE MSINFINITY 2.4GHZ + BLUETOOTH COM SMART SCROLL + SCROLL LATERAL CLIQUE SILENCIOSO 7 BOTŐES DPI AJUSTÁVEL 1000-3000 PILHAS INCLUSAS   ;81;0;0,0%
AC;TSS898;MALETA PARA NOTEBOOKS BUSINESS CASUAL TARGUS ACOLCHOADO 15.6 POLEGADAS 1 COMPARTIMENTO PRINCIPAL 1 COMPARTIMENTO PARA ACESSÓRIOS   ;80;0;0,0%
AC;MO398;Mouse Warrior Hive com fio - 7 Botőes - RGB - 16000DPI - Pixart 3389 - Preto   ;80;80;100,0%
AC;AC392;;80;0;0,0%
IC;SS550ASE;;80;0;0,0%
DC;DJI067;Drone DJI Mini 5 Pro Fly More Combo (Com tela) BR   ;78;20;25,6%
EP;CE271;AQUECEDOR DE ALIMENTOS TRIVOLT S/USO DE AGUA E CAPACIDADE 1L COM PLUG VEICULAR   ;78;0;0,0%
AC;EN083;NOBREAK MULTI 1000VA 127V/127V - M1 1000VA   ;77;0;0,0%
BR;BR2263;HOT WHEELS TRACK RIPPER 42CM FRICÇĂO COM LUZ E SOM VERMELHO   ;77;77;100,0%
BR;BR1916;BONECA PRINCESAS DISNEY ARTICULADA - ARIEL- 38CM   ;76;16;21,1%
DC;DJI131;Estabilizador DJI Osmo Mobile 7 BR   ;76;44;57,9%
BR;BR2494;Dino Attack Mordida do Dino Com Som   ;75;2;2,7%
DC;DJI068;Drone DJI Mini 5 Pro Fly More Combo Plus (Com tela) BR   ;74;3;4,1%
HC;HC204;;73;20;27,4%
BR;BR2139;MY STYLE - TRANÇADOR DE CABELO   ;73;0;0,0%
ME;MC162;2X1: LEITOR USB + CARTAO DE MEMORIA CLASSE 10 16GB   ;72;70;97,2%
AC;TBB649;MOCHILA TARGUS TERRA ECOSMART PARA NOTEBOOK 16 POLEGADAS PRETO   ;71;49;69,0%
BR;BR1918;BONECA PRINCESAS DISNEY ARTICULADA - BELLA - 38CM   ;70;4;5,7%
BR;BR2490;Mini Jogo De Futebol Portatil   ;70;5;7,1%
SO;PH429;;70;69;98,6%
AC;RZ0304470200;;70;0;0,0%
EP;GO026;CHALEIRA INOX 220V   ;69;0;0,0%
BR;BR2538;STUMBLE GUYS SÉRIE 3 - FIGURAS DE AÇĂO SORTIDAS 7.5CM - 1 PACK   ;66;0;0,0%
EP;CE077;MINI PROCESSADOR RÁPIDO CHEF 220V | 100W DE POTĘNCIA | FACILIDADE NO PREPARO | ALTA VELOCIDADE | TECNOLOGIA SAFE TOUCH | BOTĂO PULSAR | LÂMINA EM AÇO INOX | PÉS ANTIDERRAPANTES | MULTI HOME   ;66;2;3,0%
BR;BR1915;BONECA PRINCESAS DISNEY ARTICULADA - CINDERELLA - 38CM   ;66;0;0,0%
AC;WI372;CONVERSOR TYPE C MACHO X VGA 1080P FEMEA   ;65;3;4,6%
DC;DJI1074;Modulo de dados DJI Neo 2 BR   ;65;45;69,2%
HC;HC178;;64;0;0,0%
AC;GA197;CADEIRA DE ESCRITORIO EXECUTIVE CROMADA   ;64;7;10,9%
BR;BR2431;PELÚCIA DISNEY STITCH SLEEP COM MECANISMO DE RESPIRAÇĂO - 45CM   ;63;62;98,4%
AC;TSS995;MALETA PARA NOTEBOOKS SLIPSKIN TARGUS 1 COMPARTIMENTO 15.6 POLEGADAS 1 COMPARTIMENTO PARA ACESSÓRIOS ZÍPERES DE METAL EXTRA DURÁVEIS PRETO   ;63;0;0,0%
BR;BR1147;1 16 RACING CONTROL MIDNIGHT PRETO   ;63;12;19,0%
NB;NB434;TABLET BARBIE M8 WIFI 4/64GB   ;63;6;9,5%
BR;BR1917;BONECA PRINCESAS DISNEY ARTICULADA - BRANCA DE NEVE - 38CM   ;63;0;0,0%
PC;UB842;"ALL IN ONE UB842 i3 10110U 4GB SSD 128GB Windows 11 Home 23.8""   ";62;0;0,0%
DC;DJI1005;Bateria de voo inteligente Plus DJI Mini 3/DJI Mini 3 Pro/DJI Mini 4 Pro   ;62;1;1,6%
SO;SP404;PULSE BURST 850W RMS 15 POL   ;61;2;3,3%
VT;TB038M;TV TOSHIBA 85POL 4K QLED 85C450NS GOOGLE   ;61;0;0,0%
EP;HO473;;61;0;0,0%
SO;PH436;EARPHONE BLUETOOTH TWS PULSE WB300 PRETO   ;60;10;16,7%
BR;BR2564;WORKSHOP JR BOLSA FASHION MEDICO LASA   ;60;0;0,0%
BR;BR1919;BONECA PRINCESAS DISNEY ARTICULADA - RAPUNZEL - 38CM   ;60;0;0,0%
BR;BR1922;BONECA ARTICULADA ANNA – FROZEN 2 - 38CM   ;60;0;0,0%
SO;PH425;;59;59;100,0%
AC;WI218;ADAPTADOR BR-US   ;58;10;17,2%
AC;OF017;FRAGMENTADORA DE PAPEL E CARTĂO 10 FOLHAS EM PARTÍCULAS 15L 127V   ;57;36;63,2%
HC;HC564;;57;57;100,0%
AC;MO397;Mouse Wireless Warrior Dash - 8 Botőes - RGB -16000DPI - Pixart 3335   ;57;57;100,0%
AC;WI252;CABO EXTENSOR 3 ENTRADAS RETRATIL   ;57;57;100,0%
DC;DJI127;Microfone DJI Mic Mini (1 TX Microfone + 1 RX Receptor) BR   ;57;0;0,0%
AC;PH424;HEADSET CONEXĂO P3 E USB CABO DE 240cm MICROFONE 270 GRAUS DRIVER 40mm POTĘNCIA 100mW PRETO   ;56;2;3,6%
BR;BR2496;MALETA STITCH - PET SHOP DO STITCH   ;56;54;96,4%
DC;DJI047;Drone DJI Mini 3 Standard (Com tela) BR   ;56;5;8,9%
AC;WI251;FILTRO DE LINHA 6 TOMADAS E 2 ENTRADAS USB   ;55;20;36,4%
AC;AC263;BASE COOLER PARA NOTEBOOK COM 1 VENTILADOR   ;55;1;1,8%
BR;BR1175;;55;54;98,2%
RE;RE168;ROTEADOR RE165 + ROTEADOR RE166 AC1200   ;55;35;63,6%
AC;WI452;CABO USB-C USB-C 1.2M PRETO   ;54;24;44,4%
EP;GO057;PIPOQUEIRA ELETRICA 127V   ;54;0;0,0%
AC;RF009;REFIL DE TINTA PRETO HP 250ML   ;54;0;0,0%
BR;BR1142;1:16 RACING CONTROL SPEED X VERMELHO   ;54;0;0,0%
BR;BR2560;WORKSHOP JR BOLSA CABELEIREIRO LASA   ;54;0;0,0%
BR;BR2531;1:24 Hot Wheels Monster Truck Dino Thunder   ;53;49;92,5%
BR;BR2461;CRY BABIES DREAMY DAY CARE   ;53;48;90,6%
BR;BR1645;1:16 RACING CONTROL THUNDER - AMARELO   ;53;0;0,0%
AC;RF026;Fita para Rotulador Dymo Letratag 10697 Preto sobre Branco Papel 12mm   ;52;20;38,5%
BR;BR1339;1:16 RACING CONTROL SPARK - AZUL E PRETO   ;52;0;0,0%
AC;AC282;BASE COOLER PARA NOTEBOOK COM 6 VENTILADORES E 5 NÍVEIS DE ALTURA   ;51;1;2,0%
AC;RZ0103850100;Mouse Razer DeathAdder Essential Preto - Com fio   ;51;24;47,1%
BR;BR2108;MY STYLE DIY GOOD VIBES   ;51;0;0,0%
DC;DJI1071;Bateria de voo inteligente DJI Mini 5 Pro Plus BR   ;51;47;92,2%
BR;BR1473;MY STYLE - FÁBRICA DE PULSEIRAS DE ELÁSTICO - LUXO   ;51;3;5,9%
BR;BR2435;PELÚCIA GARFIELD CLÁSSICA 36CM   ;50;48;96,0%
BR;BR2495;MALETA STITCH - CAFÉ DO STITCH   ;50;48;96,0%
EP;EB135;ESCOVA ALISADORA LISO AFRODITE INFRARED IONS BIVOLT   ;50;0;0,0%
EP;GO011;MIXER VERMELHO 200W 1 VELOCIDADE 127V   ;50;40;80,0%
DC;DJI056;Drone DJI Air 3S Fly More Combo (Com tela) BR   ;50;1;2,0%
IC;MM441;;50;0;0,0%
BR;BR2510;Blocos Magneticos Mineblocks 17 Blocos - Display 8 Pcs   ;48;0;0,0%
BR;BR2539;STUMBLE GUYS SÉRIE 3 - FIGURAS DE AÇĂO SORTIDAS 7.5CM - 2 PACK   ;48;0;0,0%
BR;BR2425;GLOSS BARBIE - DISPLAY COM 24 UNIDADES - 3 CORES SORTIDAS   ;48;0;0,0%
AC;AC382;BASE COOLER PARA NOTEBOOK COM 2 VENTILADORES E 9 NIVEIS DE ALTURA   ;47;0;0,0%
PC;UB840;"ALL IN ONE UB840 i3 8145U 4GB SSD 120GB Windows 11 Home 23.8""   ";47;0;0,0%
SO;SP803;MICROFONE - PULSE PRO 3 MIC COM FIO   ;47;6;12,8%
TE;NK043;;47;47;100,0%
BR;BR2528;HOT WHEELS MONSTER TRUCK THUNDER 1:24 LUZ E SOM   ;46;36;78,3%
BR;BR2530;HOT WHEELS MONSTER TRUCK TITAN 1:24 LUZ E SOM   ;46;36;78,3%
AC;PH503;HEADSET BLUETOOTH COM BATERIA RECARREGÁVEL VIA CABO USB-C COM CONTROLE EMBUTIDO ACABAMENTO REFORÇADO E HASTE E MICROFONE AJUSTÁVEIS   ;46;12;26,1%
SO;PH378;HEADPHONE MULTILASER KIDS HAPPY   ;46;31;67,4%
DC;DJI072;Drone DJI Neo 2 Fly More Motion Combo (DJI Motion 3 & DJI Goggles N3) BR   ;46;4;8,7%
AC;RF018;REFIL DE TINTA COMPAT. UNIVERSAL P/ EPSON HP CANON 100ML CIANO   ;45;0;0,0%
BR;BR2484;Jogo Doutor Slime   ;45;20;44,4%
BR;BR2209;BONECA TODDLER FROZEN 38CM - ANNA   ;44;36;81,8%
EP;EB101;MAQUINA DE ACABAMENTO MULTI CARE   ;44;0;0,0%
BR;BR2010;FLATBALL FUTEBOL DE MESA   ;44;0;0,0%
DC;DJI069;Drone DJI Neo 2 (Sem controle) BR   ;44;9;20,5%
BR;BR2444;1:16 HOT WHEELS RC TURBO - VERMELHO   ;43;37;86,0%
SO;SP619;PULSE XPLODE 4 BT/AUX/USB/Sd IPX5 MARCA PULSE MODELO XPLODE 4   ;43;4;9,3%
BR;BR2133;MESA PROJETORA PRINCESAS DISNEY   ;43;43;100,0%
BR;BR1472;MY STYLE - FÁBRICA DE PULSEIRAS DE ELÁSTICO - CLÁSSICO   ;43;3;7,0%
AC;RZ0104650100;Mouse Razer Cobra Preto - Com fio   ;43;0;0,0%
BR;BR2086;HOT WHEELS CARRO RODA LIVRE SPEED CAR COM LUZ E SOM 2 MOD. SORTIDOS   ;42;12;28,6%
BR;BR2533;1:24 Hot Wheels Rc Monster Truck Turbo Crasher   ;42;41;97,6%
SO;SP507;PULSE TORRE DOUBLE 10 POL. 1800W RMS BT   ;42;5;11,9%
SO;SP513;PULSEBOX 2 DOUBLE 6.5 700W RMS BT/AUX/USB/SD/TWS/MIC   ;41;4;9,8%
EP;CE152;FOGAO ELETRICO EASY COOK 127V   ;41;24;58,5%
AC;CB176;CARREGADOR PORTÁTIL (POWER BANK ) COM DISPLAY LCD 20.000MAH E CARREGAMENTO RÁPIDO   ;41;0;0,0%
AC;GS0515;;41;0;0,0%
BR;BR2511;Blocos Magneticos Mineblocks 38 Blocos - Display 8 Pcs 2 Mod. Sortidos   ;40;0;0,0%
HC;HC267;;40;0;0,0%
PR;PR201063;;40;0;0,0%
BB;BB291;CADEIRA DE DESCANSO NAP TIME ROSA   ;39;5;12,8%
AC;AWE69US;;39;39;100,0%
EP;EB131;MODELADOR DE CACHOS WAVES 25MM   ;39;0;0,0%
AC;WI269;CABO VGA X HDMI C ADAPT MINI HDMI FULL HD 1.5M   ;38;24;63,2%
EP;GO036;CAFETEIRA ELÉTRICA 15 XICARAS 220V | 650W DE POTĘNCIA | FUNÇĂO MANTER AQUECIDO | CAPACIDADE DE 650ML | FACILIDADE NO PREPARO | INDICADOR DE ÁGUA | SISTEMA CORTA-PINGO | MULTI HOME   ;38;0;0,0%
EP;GO227;AIR FRYER FORNO 12L 127V   ;38;4;10,5%
TE;NK093;;38;38;100,0%
HC;HC353;BOLSA DE GEL TÉRMICA - AZUL   ;38;0;0,0%
BR;BR2529;HOT WHEELS MONSTER TRUCK ROCKET 1:24 LUZ E SOM   ;37;37;100,0%
EP;HO472;VAPORIZADOR TURBO PORTÁTIL 127V 1400W COM SAÍDA EM ACABAMENTO DE ALUMÍNIO, SISTEMA ANTI-GOTEJAMENTO E VAPOR CONTÍNUO   ;37;6;16,2%
AC;WI273;CABO USB 2.0 TIPO A X TIPO B PARA IMPRESSORA 3M   ;37;0;0,0%
AC;RZ0104910100;;37;0;0,0%
BR;BR2417;1:24 RACING CONTROL DRIFT X - VERMELHO E PRETO   ;37;0;0,0%
BR;BR2418;1:24 RACING CONTROL DRIFT X - BRANCO E VERDE   ;37;0;0,0%
AC;OF010;FRAGMENTADORA DE PAPEL E CARTAO 6 FOLHAS EM TIRAS 10L 220V   ;36;2;5,6%
BR;BR2436;PELÚCIA GARFIELD CORAÇĂO 35CM   ;36;12;33,3%
BR;BR1508;PELÚCIA MICKEY C/ MECANISMO LUZ E SOM 40CM   ;36;36;100,0%
BR;BR1587;Mochila de Atividades Mickey Com Acessórios   ;36;24;66,7%
BR;BR2197;PELÚCIA MICKEY FANTASIA C/ MECANISMO LUZ E SOM 40CM   ;36;36;100,0%
AC;RF016;Refil De Tinta Para Impressoras Epson T664 250ML Amarelo - RF016   ;36;0;0,0%
AC;RF015;Refil De Tinta Para Impressoras Epson T664 250ML Magenta - RF015   ;36;0;0,0%
AC;OF018;FRAGMENTADORA DE PAPEL E CARTĂO 10 FOLHAS EM PARTÍCULAS 15L 220V   ;36;24;66,7%
BR;BR1182;CREATIVE FUN CAIXA REGISTRADORA MINI SHOPPING ROSA   ;36;0;0,0%
AC;WI362;CABO DE AUDIO EXTENSOR P2 3.5MM   ;36;0;0,0%
NB;NB440;TABLET PATRULHA CANINA M8 WIFI 4/64GB OCTA CORE   ;36;0;0,0%
BR;BR2523;Pelúcias Bob Esponja e Amigos - Display 12 Pcs Modelos Sortidos 15cm   ;36;0;0,0%
AC;WI409;ADAPTADOR DE AUDIO P2 PARA P3 3.5MM   ;36;20;55,6%
AC;EI154;Bloco Adesivo Pet Transparente Degrade 75x75mm 50 Folhas Keep   ;36;0;0,0%
BR;BR2459;TURBO CHAMPS DESAFIO 1X1 FUTEBOL - 3 MOD. SORTIDOS   ;36;0;0,0%
BR;BR2416;1:24 RACING CONTROL DRIFT X - AZUL   ;36;0;0,0%
EP;EB130;PRANCHA MODELADORA EFEITO SEREIA   ;35;0;0,0%
TE;P9128;;35;0;0,0%
AC;AC350;TELA DE PROJECAO RETRATIL ELETRICA 203 X 152CM 127V   ;35;0;0,0%
TE;NK095;;35;35;100,0%
EP;EB117;ESCOVA SECADORA 1350W BIVOLT AZUL   ;34;0;0,0%
AC;TC284;TECLADO SEM FIO TS400 BLUETOOTH COMPACTO COM SLOT SILENCIOSO PT   ;34;30;88,2%
BR;BR2326;GO PLAY - ARCO E FLECHA COM LUZ E SOM   ;33;24;72,7%
AC;WI451;CABO USBC LIGHTNING MFI   ;33;0;0,0%
AC;AC351;TELA DE PROJECAO RETRATIL 1,80X1,80   ;33;0;0,0%
DC;DJI070;Drone DJI Neo 2 Fly More Combo (Sem controle) BR   ;32;4;12,5%
SO;SP515;PULSE CAIXA DE SOM PULSE TORRE DOUBLE 15 POL. 3.500W RMS   ;32;4;12,5%
SO;SP626;PULSE X BOOMBOX SP626 220W   ;32;0;0,0%
HC;HC081;;32;0;0,0%
AC;WI341;CABO CONCEPT PARA ANDROID MICRO USB PRETO 1.5M   ;32;0;0,0%
EP;GO081;PANELA DE PRESSAO ELETRICA 4L INOX 127V   ;32;32;100,0%
BR;BR2200;PELÚCIA STITCH PEEK A BOO C/ MECANISMO 30CM   ;31;0;0,0%
DC;DJI212;Câmera de Açăo DJI Osmo Action 5 Pro Standard Combo BR   ;31;20;64,5%
TE;P9130;;31;31;100,0%
AC;AC354;TELA DE PROJECAO 1,80X1,80 TRIPE   ;30;0;0,0%
EF;LQ903;LIQUIDIFICADOR MULTI TURBO LQ900 900W 5 VELOCIDADES 2,6 LITROS 127V 60HZ VERMELHO   ;30;6;20,0%
BR;BR1183;CAIXA REGISTRADORA MINNIE   ;30;3;10,0%
BR;BR2455;PELÚCIA INTERATIVA PIXEL HUGS - REXEL (PRETO)   ;30;0;0,0%
PG;PC914;;30;0;0,0%
PR;PR10125;;30;0;0,0%
AC;OF019;;30;2;6,7%
DC;DJI218;Câmera de Açăo DJI Osmo Action 6 Adventure BR   ;29;0;0,0%
DC;DJI139;Estabilizador DJI Osmo Mobile 8 BR   ;29;0;0,0%
SO;PH437;EARPHONE BLUETOOTH TWS PULSE WB300 BRANCO   ;29;13;44,8%
BR;BR2103;PELÚCIA BOB ESPONJA 30CM   ;29;27;93,1%
AC;TSB89004;MOCHILA CITY TARGUS PARA NOTEBOOKS 15.6 POLEGADAS 2 COMPARTIMENTOS PRINCIPAIS 1 COMPARTIMENTO PARA ACESSÓRIOS 2 COMPARTIMENTOS PARA GARRAFA PRETO POLIESTER   ;28;0;0,0%
AC;AC343;MESA PORT. MADEIRA MULTIUSO IDEAL P/ NOTEBOOK DE ATE 15.6POL   ;27;20;74,1%
BR;BR1766;PLAY & LEARN - MESA 2 EM 1 COM BANQUINHO E LOUSA   ;27;2;7,4%
NB;NB417;TABLET AVENGERS 64 GB   ;27;-3;-11,1%
SO;SP614;PULSE BAZOOKA BEATS 80W RMS BT/AUX/SD/USB LED   ;27;27;100,0%
BR;BR2105;PELÚCIA BOB ESPONJA - LULA MOLUSCO 30CM   ;27;3;11,1%
BR;BR1094;CUBIC BOMBEIRO RESGATE 12 EM 1 557 PCS   ;26;24;92,3%
BR;BR2334;JOGO DA FORCA   ;26;11;42,3%
BR;BR2138;1:16 RACING CONTROL LUZES DE CORRIDA - BRANCO E AZUL   ;26;0;0,0%
BR;BR2492;Kit De Jogos De Mesa 5 Em 1   ;26;2;7,7%
BB;BB445;;26;0;0,0%
BR;BR2445;1:16 HOT WHEELS RC TURBO - PRETO   ;25;23;92,0%
BR;BR1096;CUBIC EXERCITO PATRIOT 12 EM 1 555 PCS   ;25;24;96,0%
BR;BR1200;CUBIC BOMBEIRO BRIGADA DE INCENDIO 12 EM 1 558PCS   ;25;24;96,0%
NB;NB389;TABLET M10 4G 4+128GB OCTA CORE 2.0GHZ   ;25;0;0,0%
TE;P9154;;25;24;96,0%
TE;P9076;;25;1;4,0%
IC;SS108BU;;25;0;0,0%
BR;BR2514;Pelúcia Bob Esponja - Sandy Bochechas   ;24;24;100,0%
VT;TB035M;TV TOSHIBA 55POL 4K QLED 55C450NS GOOGLE   ;24;9;37,5%
AC;EN082;NOBREAK MULTI 720VA BIVOLT/127V - M1 720VA   ;24;0;0,0%
AC;GA211;CADEIRA DE ESCRITORIO RELAX PRETA   ;24;0;0,0%
AC;WI348;CONVERSOR ADAPTADOR USB 3.0 PARA VGA FULL HD   ;24;0;0,0%
NB;NB439;TABLET MINNIE M8 WIFI 4/64GB OCTA CORE   ;24;0;0,0%
NB;2022;;24;0;0,0%
HC;HC396;SERINGA NASAL INFANTIL - FISHER PRICE - LEAO   ;24;0;0,0%
BR;BR2509;My Style Pulseira Unitária Display de 12 Unidades - 4 Modelos Sortidos   ;24;0;0,0%
BR;BR2522;Pelúcia Bob Esponja - Patrick 45Cm   ;24;0;0,0%
BR;BR2137;RACING CONTROL LUZES DE CORRIDA VERMELHO   ;24;0;0,0%
AC;WI210;CABO USB 3.0 1.8M   ;23;0;0,0%
BR;BR2232;;23;23;100,0%
AC;JS090;VOLANTE WARRIOR ARTAXES MULTI PLATAFORMA   ;23;20;87,0%
NB;NB385;TABLET M8 (4G/32GB) AC + PRETO   ;23;23;100,0%
EP;GO208;;23;0;0,0%
EF;LQ1203;;23;0;0,0%
AC;BO439;Mochila Multilaser Elegance Para Notebook Ate 15.6 Pol Preta - BO439   ;22;0;0,0%
EP;GO083;PANELA DE PRESSAO ELETRICA 5L INOX 127V   ;22;6;27,3%
EP;GO106;;22;0;0,0%
BR;BR1744;;22;22;100,0%
BR;BR1600;;22;22;100,0%
BR;BR2394;CRY BABIES LOVING CARE DREAMY - SEM MECANISMO ELÉTRICO   ;21;16;76,2%
BR;BR2471;1:24 RC HOT WHEELS RED STORM - 4 CANAIS - VERMELHO   ;21;2;9,5%
BR;BR2265;CHAIN BREAKERX DRAGON ZINDER VERMELHO   ;21;0;0,0%
AC;WI291;CABO DE AUDIO OPTICO TOSLINK 1.8M   ;21;4;19,0%
AC;EN085;NOBREAK MULTI 1000VA BIVOLT/127V - M1 1000VA   ;21;0;0,0%
AC;WI046;CONVERSOR USB PARA PS2   ;21;3;14,3%
PC;PC135L;;21;21;100,0%
EP;HO054;LIXADEIRA ORBITAL 240W 127V   ;21;18;85,7%
RE;RE089;;21;0;0,0%
EF;LQ701;LIQUIDIFICADOR MULTI TURBO LQ700 700W 3 VELOCIDADES 2,3 LITROS 127V 60HZ PRETO   ;20;4;20,0%
AC;EI140;Pasta Envelope A4 Fecho Botao Azul Keep - EI140   ;20;0;0,0%
SO;WR206;SMARTWATCH MULTI M2R AMOLED PRETO   ;20;16;80,0%
SO;PH418;;20;20;100,0%
AC;TBB582;;20;20;100,0%
BR;BR1746;;20;20;100,0%
VD;TL066MQ;;20;0;0,0%
DC;DJI306;;20;0;0,0%
DC;DJI050;;20;0;0,0%
PR;PR103223;;20;0;0,0%
PR;PR103214;;20;0;0,0%
PR;PR201055;;20;0;0,0%
PR;PR201077;;20;0;0,0%
PR;PR103252;;20;0;0,0%
PR;PR103208;;20;0;0,0%
PR;PR103244;;20;0;0,0%
PC;UB440;;20;0;0,0%
BR;BR2324;GO PLAY - SACO DE BOXE INFANTIL COM SUPORTE, LUVAS E BOMBA   ;19;18;94,7%
BR;BR2072;JOGO MINI FUTEBOL   ;19;2;10,5%
BB;BB034;COPO TÉRMICO COM CANUDO DE SILICONE COOL AZUL 24M+   ;19;0;0,0%
AC;OF007;;19;19;100,0%
ME;PD041;;19;0;0,0%
HC;HC290;UMIDIFICADOR MULTI SAUDE EASY AIR 1.8L   ;19;0;0,0%
BR;BR2465;;19;0;0,0%
AC;RF001;REFIL DE TINTA PRETO HP 100ML   ;18;0;0,0%
SO;TAG01;RASTREADOR BLUETOOTH MULTI MTAG - BRANCO   ;18;3;16,7%
AC;BO443;MOCHILA MULTILASER MIDTOWN 15.6 POL PRETO   ;18;1;5,6%
AC;AC446;;18;0;0,0%
AC;OF008;;18;18;100,0%
BR;BR2468;;18;4;22,2%
NB;NB425;TABLET M10 WIFI 6/128GB KID PAD LARANJA   ;18;0;0,0%
TE;NK071;;18;18;100,0%
BR;BR1588;Mochila de Atividades Minnie Com Acessórios   ;18;0;0,0%
AC;RF003;REFIL DE TINTA MAGENTA EPSON 100ML   ;17;17;100,0%
BR;BR1215;PLAY & LEARN - LOUSA MAGICA 2 EM 1 MALETA   ;17;13;76,5%
AC;AC438;TELA DE PROJEÇĂO RETRÁTIL 2,44X1,83M 120 POLEGADAS 4:3   ;17;0;0,0%
SO;PH377;;17;13;76,5%
AC;RZ0203330300R3U;;17;10;58,8%
BR;BR1745;;17;17;100,0%
EP;GO203;Air Fryer 4L Vermelha 127V 1500W C Grade   ;17;16;94,1%
DC;DJI065;Drone DJI Mini 5 Pro Standard (Sem tela) BR   ;17;16;94,1%
BR;BR1474;;17;17;100,0%
BR;BR2446;1:16 HOT WHEELS RC LUZES DE CORRIDA - VERMELHO   ;16;16;100,0%
BR;BR1093;CUBIC 12 EM 1 CITY 573 PCS   ;16;12;75,0%
BR;BR2512;Blocos Magneticos Mineblocks 64 Blocos - Window Box   ;16;0;0,0%
DC;DJI126;Microfone DJI Mic Mini (2 TX Microfone + 1 RX Receptor + 1 Case de carregamento) BR   ;16;0;0,0%
EP;GO084;PANELA DE PRESSAO ELETRICA 5L INOX 220V   ;16;0;0,0%
BR;BR2074;JOGO MINI SINUCA   ;16;0;0,0%
AC;CT12A;CARTUCHO TONER HP 2612A PRETO   ;16;0;0,0%
EP;HO241;PLAINA ELETRICA 650W 127V   ;16;0;0,0%
BR;BR2107;PELÚCIA BOB ESPONJA - GARY CARACOL 25CM   ;16;15;93,8%
AC;GA225;;16;16;100,0%
BR;BR2297;CAIXA REGISTRADORA PRINCESAS   ;16;0;0,0%
AC;EI043;;16;0;0,0%
BR;BR2013;JOGO FUTEBOL PINBALL   ;16;4;25,0%
BB;BB321;EXTRATOR DE LEITE MANUAL FISHER-PRICE   ;16;0;0,0%
BR;BR1617;CUBIC 25 EM 1 STEEL ROBOT 575 PEÇAS   ;15;12;80,0%
SO;SP509;PULSE STORM 8 POL. 1000W RMS BT   ;15;0;0,0%
AC;RF024;FITA PARA ROTULADOR BROTHER TZE-131 PRETO SOBRE TRANSPARENTE 12MM   ;15;20;133,3%
PG;PC912ES;MULTILASER M11C-PC912 CHROMEBOOK CLAMSHELL   ;15;0;0,0%
AC;GS0069;BALUN 1 CANAL 4K AVULSO PARA GS0068 - M3 BA 4K   ;15;0;0,0%
SO;PH332;;15;0;0,0%
ME;MC155;4X1: ADAPT USB DUAL DRIVE/OTG TIPO C+ADAPT SD+CARTAO MEMORIA UHS3 C10 512GB   ;15;0;0,0%
AC;TSB968;MOCHILA INTELLECT ADVANCED TARGUS PARA NOTEBOOKS 15.6 POLEGADAS 1 COMPARTIMENTO PRINCIPAL 1 COMPARTIMENTO ACOLCHOADO P NOTEBOOKS 1 COMPARTIMENTO FRONTAL P ACESSÓRIOS 2 BOLSOS RÁPIDO ACESSO POLIESTER   ;15;10;66,7%
BR;BR1095;CUBIC 12 EM 1 POLICIA 572 PCS   ;14;12;85,7%
EP;EB136;ESCOVA EFEITO AFRODITE LISO E ONDAS - ESCOVA ALISADORA 2 EM 1   ;14;0;0,0%
AC;EN081;NOBREAK MULTI 720VA 220V/220V - M1 720VA   ;14;0;0,0%
DC;DJI1027;Hélices (DJI Air 3/DJI Air 3S) (1 Par) BR   ;14;0;0,0%
AC;GA228;CADEIRA GAMER WARRIOR SENSE ELITE BRANCA - GA228   ;14;3;21,4%
VD;55UF8G;TV 55 POLEGADAS 4K GOOGLE TV MULTI   ;14;2;14,3%
HC;HC398;SERINGA NASAL MULTI COM 2 UNIDADES   ;14;0;0,0%
EP;EB167;;14;0;0,0%
DC;DJI207;Câmera de Açăo DJI Osmo Action 4 Standard Combo BR   ;14;0;0,0%
BR;BR2253;;14;0;0,0%
BB;BB298;;13;6;46,2%
AC;MO421;Mouse Warrior Magnus 10000DPI Tri Mode com base carregadora - Preto   ;13;3;23,1%
AC;MO422;Mouse Warrior Magnus 10000DPI Tri Mode com base carregadora - Branco   ;13;3;23,1%
BR;BR2210;BONECA TODDLER FROZEN 38CM - ELSA   ;13;12;92,3%
BR;BR2073;JOGO MINI AIR HOCKEY   ;13;1;7,7%
SO;PH439;EARPHONE BLUETOOTH TWS PULSE WF400 PRETO   ;13;0;0,0%
TE;P9183;;13;10;76,9%
DC;DJI1004;Bateria de voo inteligente DJI Mini 3/DJI Mini 3 Pro/DJI Mini 4 Pro   ;13;6;46,2%
SO;PH323;;13;0;0,0%
ME;PD771;;13;0;0,0%
BR;BR1214;PLAY & LEARN - LOUSA MAGICA 2 EM 1 STUDIO   ;12;6;50,0%
BR;BR2017;BONECA TODDLER PRINCESAS 38CM - BRANCA DE NEVE   ;12;12;100,0%
BR;BR2142;BONECA TODDLER PRINCESAS 38CM - AURORA   ;12;12;100,0%
AC;AC437;TELA DE PROJEÇĂO RETRÁTIL 2,03X152M 100 POLEGADAS 4:3   ;12;0;0,0%
BR;BR2472;1:22 RC HOT WHEELS ENERGY X - 4 CANAIS - VERMELHO - COM LUZ   ;12;9;75,0%
EP;GO082;PANELA DE PRESSAO ELETRICA 4L INOX 220V   ;12;0;0,0%
BR;BR2373;;12;12;100,0%
BR;BR2226;;12;12;100,0%
BR;BR2228;;12;12;100,0%
EP;GO228;AIR FRYER FORNO 12L 220V   ;12;0;0,0%
AC;RZ8302550100;;12;12;100,0%
NB;NB303;;12;0;0,0%
AC;EI160;Plastico Adesivo Azul 0.08mm PVC 45cm x 10m Keep - EI160   ;12;0;0,0%
HC;HC273;TERMOMETRO TERMO CHECK SMART   ;12;0;0,0%
TE;P9168;;12;10;83,3%
EP;GO041;CAFETEIRA 30 XICARAS JARRA INOX 127V   ;12;12;100,0%
DC;DJI1076;Bateria de voo inteligente DJI Neo 2 BR   ;12;12;100,0%
EP;FE047;;12;12;100,0%
AC;CT111S;CART. TONER COMPATIVEL P/ SAMSUNG MOD. MLT-D111S   ;12;0;0,0%
AC;RF013;;12;0;0,0%
EP;BE012;BEBEDOURO ELETRONICO 220V   ;12;0;0,0%
BR;BR1920;BONECA PRINCESAS DISNEY ARTICULADA - TIANA - 38CM   ;12;0;0,0%
BR;BR1928;BONECA PRINCESAS DISNEY RAPUNZEL C/ VARINHA E TIARA   ;12;0;0,0%
BB;BB1149;PROTETOR SOLAR RETRATIL PARA CARRO SUNSHADE   ;12;0;0,0%
BR;BR1329;MY STYLE BEAUTY - PALETA CHARMOSA   ;12;0;0,0%
BR;BR2012;JOGO BASQUETE PINBALL   ;11;0;0,0%
BR;BR1331;MY STYLE BEAUTY - ESTOJO FABULOSA   ;11;8;72,7%
BR;BR386;CREATIVE FUN CAIXA REGISTRADORA AZUL   ;11;0;0,0%
SO;PH440;EARPHONE BLUETOOTH TWS PULSE WF400 BRANCO   ;11;0;0,0%
AC;RZ0304470200R3U;Teclado Razer Ornata V3 X Preto - Membrana - Layout US   ;11;9;81,8%
RE;RE167;;11;11;100,0%
AC;WI298;SMARTOGO CABO MICRO USB 1METRO UNITARIO SORTIDO   ;11;0;0,0%
BR;BR1821;;11;11;100,0%
AC;SP091;CAIXAS DE SOM 2.0 8W RMS ALIMENTAÇĂO USB CONEXĂO P2 CONTROLE VOLUME PRETO   ;11;0;0,0%
AC;EI124;;11;0;0,0%
NB;NB365;TABLET M8 (4G/32GB) - PRETO   ;10;1;10,0%
BR;BR1476;JOGO BASQUETE DE DEDO   ;10;0;0,0%
AC;SP044;CAIXAS DE SOM 2.0 1W RMS ALIMENTAÇĂO USB CONEXĂO P2 CONTROLE DE VOLUME SEM MARCA SOM ESTÉREO PRETO   ;10;0;0,0%
AC;EN087;NOBREAK MULTI 1440VA 220V/220V - M1 1440VA   ;10;0;0,0%
BR;BR2477;1:24 RC HOT WHEELS - SMALL STUNT - 4 CANAIS - AZUL   ;10;1;10,0%
SO;SP512;PULSE FLAMEBOX DJ SP512 5000W RMS   ;10;4;40,0%
AC;MO222;;10;125;1250,0%
EP;ED017;;10;0;0,0%
SO;SP402;;10;8;80,0%
AC;EN004;;10;0;0,0%
AC;RZ0403970100;;10;1;10,0%
AC;WI208;;10;10;100,0%
AC;EN084;NOBREAK MULTI 1000VA 220V/220V - M1 1000VA   ;10;0;0,0%
SO;WR202;SMARTWATCH MULTI L2 PRETO   ;10;10;100,0%
EP;CE148;;10;0;0,0%
VD;TL061M;TV 55 POL DLED 4K ANDROID MULTILASER   ;10;1;10,0%
NB;NB355;;10;6;60,0%
AC;RZ0104000100;Mouse Razer Basilisk V3 Preto - com fio   ;10;0;0,0%
NB;NB432;;10;0;0,0%
NB;NB331;;10;0;0,0%
DC;DJI049;Drone DJI Avata 2 Fly More Combo (3 baterias) (DJI Goggles 3 & Motion 3) BR   ;10;1;10,0%
PR;PR103213;;10;0;0,0%
PR;PR103222;;10;0;0,0%
PR;PR103247;;10;0;0,0%
PR;PR103224;;10;0;0,0%
AC;RF019;;10;0;0,0%
AC;RA029;Rapoo VPro Teclado Gamer Retroiluminado 5 Anos de Garantia V52 Pro   ;10;0;0,0%
AC;PH101;;10;0;0,0%
NB;NB384;;10;0;0,0%
BR;BR1777;JOGO EQUILIBRA PIRATA   ;9;0;0,0%
BR;BR753;JOGO TUBARAO BOCAO   ;9;0;0,0%
BR;BR2400;PROJETOR DE DESENHOS - AVENGERS   ;9;9;100,0%
BR;BR1619;CUBIC 25 EM 1- POLÍCIA 569 PEÇAS   ;9;6;66,7%
EP;GO047;CAFETEIRA 2 XICARAS VERMELHA 127V   ;9;0;0,0%
AC;GA217;;9;0;0,0%
DC;DJI042;Drone DJI Mini 4 Pro Standard (Com tela) BR   ;9;0;0,0%
AC;MO387;;9;0;0,0%
AC;RF014;Refil De Tinta Para Impressoras Epson T664 250ML Ciano - RF014   ;9;0;0,0%
AC;TC208;;9;9;100,0%
AC;KP001;Mini Impressora Térmica Sem Fio Keep - KP001   ;9;6;66,7%
AC;EN088;NOBREAK MULTI 1440VA BIVOLT/127V - M1 1440VA   ;9;0;0,0%
RE;ZT866;;9;9;100,0%
AC;RZ0304690200;Teclado Razer BlackWidow V4 Preto - Switch Verde - Layout US   ;9;0;0,0%
PC;DT029;;9;0;0,0%
PC;UB430;;9;0;0,0%
PC;UB532;;9;0;0,0%
BR;BR426;JOGO CAMALEAO LINGUAO   ;8;0;0,0%
BR;BR1677;Jogo Match Color   ;8;0;0,0%
BR;BR2281;CUBIC MENINAS RV FESTA 412 PCS   ;8;6;75,0%
EP;GO063;TORRADEIRA 127V   ;8;0;0,0%
BR;BR2283;CUBIC CARRO ESPORTIVO 264 PEÇAS   ;8;1;12,5%
BB;BB485;;8;0;0,0%
AC;EN086;NOBREAK MULTI 1440 VA 127V/127V - M1 1440VA   ;8;0;0,0%
AC;EN090;NOBREAK MULTI 1700VA 220V/220V - M1 1700VA   ;8;0;0,0%
AC;EN091;NOBREAK MULTI 1700VA BIVOLT/127V M1 1700VA   ;8;0;0,0%
AC;AC268;;8;0;0,0%
EP;GO065;TORRADEIRA RED 127V 400W   ;8;0;0,0%
AC;RZ0201940100;;8;8;100,0%
AC;EI025;;8;0;0,0%
HC;HC080;;8;0;0,0%
DC;DJI1001;Bateria de voo inteligente DJI (DJI Mini 2/SE/2 SE/4K) BR   ;8;3;37,5%
AC;RZ0303930200;Teclado Razer Huntsman V2 Preto - Switch Red - Layout US   ;8;0;0,0%
DC;DJI1070;Bateria de voo inteligente DJI Mini 5 Pro BR   ;8;2;25,0%
AC;TC154;TECLADO COM FIO TM400 USB SLIM COMPACTO 150CM PT   ;8;0;0,0%
EP;MV047;;8;8;100,0%
AC;RZ0105230100;;8;0;0,0%
DC;DJI213;Câmera de Açăo DJI Osmo Action 5 Pro Adventure Combo BR   ;8;0;0,0%
DC;DJI109;Estabilizador DJI Osmo Mobile SE BR   ;8;0;0,0%
TE;P9131;;8;8;100,0%
AC;GS0514;;8;0;0,0%
AC;TC309;COMBO COM FIO CF50 US 3BOT 1200DPI COMPACTO 120CM PT   ;7;0;0,0%
AC;EN089;NOBREAK MULTI 1700VA 127V/127V - M1 1700VA   ;7;0;0,0%
BR;BR2513;Blocos Magneticos Mineblocks 80 Blocos - Window Box   ;7;0;0,0%
EP;GO133;;7;0;0,0%
DC;DJI063;Drone DJI Mavic 4 Pro Fly More Combo (Com tela) BR   ;7;0;0,0%
DC;DJI210;Câmera DJI Osmo Pocket 3 Creator Combo BR   ;7;0;0,0%
DC;DJI209;Câmera DJI Osmo Pocket 3 Standard BR   ;7;0;0,0%
BR;BR1111;CREATIVE FUN MINI FEIRINHA FRUTAS   ;7;4;57,1%
BR;BR2535;PROJETOR DE DESENHOS - STITCH   ;7;1;14,3%
BR;BR2476;RC HOT WHEELS - STUNT - 4 CANAIS - AZUL - LUZ E SOM   ;7;1;14,3%
BR;BR1874;WALKING PETZ - BULDOGUE   ;7;2;28,6%
EP;GO085;PANELA DE PRESSAO ELETRICA 5L INOX DIGITAL 127V   ;7;2;28,6%
DC;DJI074;Drone DJI Avata 2 Fly Smart Combo (3 baterias) (DJI Goggles N3 & Motion 3) BR   ;7;0;0,0%
EP;GO136;ACENDEDOR DE CARVAO ELETRICO 220V   ;7;0;0,0%
AC;CB162;;7;7;100,0%
BR;BR1793;PLAY & LEARN - MALETA EDUCATIVA C/ LETRAS E NÚMEROS   ;7;7;100,0%
VM;ES323M;PATINETE ELETRICO STREET 8 POL 350W 7,5AH 25KM/H 20KM 120KGS   ;7;0;0,0%
EP;CE188;WAFFLE MAKER COM CONTROLE DE TEMPERATURA 127V   ;7;6;85,7%
AC;OF005;FRAGMENTADORA DE PAPEIS E CARTŐES EM PARTÍCULAS 11L 127V   ;7;0;0,0%
AC;MO241;;7;0;0,0%
BR;BR2448;1:24 HOT WHEELS RC DRIFT X - AZUL E LARANJA   ;7;0;0,0%
BR;BR2199;PELÚCIA STITCH HULA HULA C/ MECANISMO LUZ E SOM 30CM   ;7;0;0,0%
BR;BR1514;PELÚCIA ANGEL CORAÇĂO C/ MECANISMO LUZ E SOM 30CM   ;7;0;0,0%
BR;BR1921;BONECA ARTICULADA ELSA – FROZEN 2 - 38CM   ;7;7;100,0%
BR;BR1276;MY STYLE LIFE CHARMS DELUXE   ;7;5;71,4%
AC;EI152;;7;0;0,0%
AC;CT009;CART. TONER COMPATIVEL P/ SAMSUNG MOD. MLT-D101S   ;7;0;0,0%
BB;BB494;;6;0;0,0%
BB;BB310;;6;0;0,0%
BR;BR2014;JOGO SPACE PINBALL   ;6;0;0,0%
BR;BR1119;MY STYLE PULSEIRAS PERFUMADAS   ;6;6;100,0%
AC;WI446;CABO LIGHTNING 1.2M PRETO (IPHONE)   ;6;0;0,0%
BR;BR2308;CUBIC - CAMINHĂO ESCADA PARA INCĘNDIOS 394 PEÇAS   ;6;1;16,7%
AC;EI057;Quadro Adesivo 45cm x 2m Preto Keep - EI057   ;6;0;0,0%
DC;DJI066;Drone DJI Mini 5 Pro Fly More Combo (Sem tela) BR   ;6;3;50,0%
DC;DJI214;Câmera de Açăo DJI Osmo 360 Standard Combo BR   ;6;0;0,0%
BR;BR947;GO PLAY PULA CORDA 2.2 METROS CORES SORTIDAS   ;6;0;0,0%
BR;BR2279;CUBIC MENINAS SORVETERIA 145 PCS   ;6;3;50,0%
VT;100Z670RS;TV Toshiba 100 Polegadas QLED 4K GoogleTV 144Hz Gaming TV - 100Z670RS   ;6;0;0,0%
VM;WS50W_BW;AUTOPROPELIDO WS50 BRANCA WATTS   ;6;0;0,0%
AC;RZ0403970700;;6;1;16,7%
DC;DJI055;Drone DJI Air 3S Fly More Combo (Sem tela) BR   ;6;0;0,0%
BR;BR1196;;6;6;100,0%
AC;CB009;;6;0;0,0%
TE;P9043;;6;6;100,0%
EP;HO462;FERRO DE PASSAR A VAPOR ROXO 127V 1200W COM BASE CERÂMICA, VAPOR EXTRA, FUNÇĂO SPRAY, BASE SALVA BOTŐES, CABO GIRATÓRIO 360° E RESERVATÓRIO COM INDICADOR DE NÍVEL   ;6;0;0,0%
DC;DJI216;Câmera de Açăo DJI Osmo Nano (128GB) BR   ;6;0;0,0%
AC;WI327;SMARTOGO CABO IPHONE 8 PINOS PRETO UNITARIO   ;6;0;0,0%
TE;P9165;;6;5;83,3%
TE;P9170;;6;5;83,3%
BR;BR1273;MY STYLE DIY HAND BAG BEADS   ;6;3;50,0%
HC;HC276;;6;0;0,0%
NB;NB441;TABLET HULK M8 WIFI 4/64GB OCTA CORE   ;6;0;0,0%
AC;BO441;;6;0;0,0%
BR;BR2207;;6;6;100,0%
ME;PD603;;6;0;0,0%
AC;CT104S;CART. TONER COMPATIVEL P/ SAMSUNG MOD. MLT-D104S   ;6;0;0,0%
AC;PH702;;6;0;0,0%
BR;BR1115;MY STYLE STRASS   ;6;4;66,7%
IC;HKM512S21A;SSD HIKVISION 2.5 SATA 512 GB   ;6;0;0,0%
HC;HC127;ÓLEO ESSENCIAL DE TEA TREE   ;6;0;0,0%
HC;HC122;OLEO ESSENCIAL DE LAVANDA - 10ML   ;6;0;0,0%
BR;BR1337;1:16 RACING CONTROL RAPTOR - LARANJA   ;6;0;0,0%
BR;BR1328;MY STYLE BEAUTY - MINI ESTOJO PODEROSA   ;6;0;0,0%
BB;BB390;;6;0;0,0%
BB;BB323;;6;0;0,0%
BB;BB491;;6;0;0,0%
BB;BB434;;6;0;0,0%
TE;OB043;;6;6;100,0%
TE;NK041;;6;6;100,0%
IC;HKM01TS21A;SSD HIKVISION 2.5 SATA 1024 GB   ;6;0;0,0%
AC;PH700;HEADSET COM FIO HUGINN WARRIOR P3 CABO 180CM MIC REMOVIVEL DRIVER 50MM BCO   ;6;0;0,0%
EF;LQ703;LIQUIDIFICADOR MULTI TURBO LQ700 700W 3 VELOCIDADES 2,3 LITROS 127V 60HZ VERMELHO   ;5;30;600,0%
DC;DJI060;Drone DJI Flip Standard (Com tela) BR   ;5;0;0,0%
AC;TC220;TECLADO SEM FIO TS300 BLUETOOTH SLIM COMPACTO SILENCIOSO PT   ;5;0;0,0%
BR;BR2327;1:20 RACING CONTROL PINK MANIA   ;5;0;0,0%
AC;AC369;SUPORTE RING LIGHT FLEXIVEL 9,5W COM CLIPE FIXADOR   ;5;3;60,0%
BR;BR1336;1:16 RACING CONTROL RAPTOR - VERMELHO   ;5;0;0,0%
BR;BR1558;MALETA ORELHINHAS MINNIE MÉDICA COM 8 ACESSÓRIOS   ;5;0;0,0%
PR;PR103721;;5;0;0,0%
DC;DJI041;Drone DJI Mini 4 Pro Standard (Sem tela) BR   ;5;5;100,0%
SO;SP510;PULSEBOX 2 DOUBLE 8 1100W RMS   ;5;0;0,0%
BR;BR1618;CUBIC 25 EM 1- SUPER ROBOT 577 PEÇAS   ;5;0;0,0%
BR;BR1459;CUBIC - HELICÓPTERO DE COMBATE 221 PEÇAS   ;5;0;0,0%
NB;NB372;;5;4;80,0%
BR;BR387;CREATIVE FUN CAIXA REGISTRADORA ROSA   ;5;0;0,0%
AC;RZ0203820100R3U;Mousepad Razer Sphex V3 Ultra Fino Preto Pequeno (270x215 mm)   ;5;0;0,0%
AC;RZ0104650100R3U;;5;3;60,0%
AU;P3348;AUTORADIO EVOLVE BLUETOOTH 4X35W 2 ENTRADAS USB/FM/AUX/MP3   ;5;0;0,0%
PC;UB432;NOTEBOOK ULTRA MULTILASER 14 POL CORE I3 7A GERAÇĂO 4GB 1TB HDD LINUX PRATA   ;5;0;0,0%
BR;BR1601;;5;5;100,0%
AC;KP002;;5;5;100,0%
DC;DJI054;Drone DJI Air 3S Standard (Sem tela) BR   ;5;0;0,0%
DC;DJI1051;Controle Remoto DJI RC-N3 (DJI Neo/DJI Flip/Mini 4 Pro/Mini 5 Pro/Air 3/Air 3S) BR   ;5;4;80,0%
AC;MO420;Mouse Warrior Rolf com fio - 8/14 botőes - RGB -10000DPI - Pixart 3327 - Preto   ;5;0;0,0%
AC;TC249;COMBO WARRIOR KYLER TECLADO E MOUSE ARMY   ;5;5;100,0%
VM;WS50G_BW;AUTOPROPELIDO WS50 CINZA WATTS   ;5;0;0,0%
HC;HC498;TERMOMETRO MULTIFUNCOES - TESTA OUVIDO E OBJETOS   ;5;0;0,0%
BR;BR2198;PELÚCIA STITCH HAWAII C/ MECANISMO LUZ E SOM 30CM   ;5;0;0,0%
AC;EN011A;BATERIA MULTI 12V ALARME M3 BC 124   ;5;0;0,0%
BR;BR1108;CREATIVE FUN MINI FEIRINHA DIVERTIDA LEGUMES   ;5;3;60,0%
AC;MO399;Mouse Warrior Legacy com fio - 7 botőes - Rainbow - 3.600 DPI - Preto   ;5;5;100,0%
AC;RZ0104630200;;5;0;0,0%
AC;RZ0104630100R3U;Mouse Razer DeathAdder V3 Pro - Wireless - Preto   ;5;0;0,0%
AC;RZ3805310100;Cadeira Gamer Razer Iskur V2 X Preto   ;5;0;0,0%
BR;BR1923;;5;5;100,0%
BR;BR2264;HOT WHEELS TRACK RIPPER 42CM FRICÇĂO COM LUZ E SOM AZUL   ;5;5;100,0%
AC;TBB565;TBB565: MOCHILA TARGUS INTELLECT PARA NOTEBOOKS ATÉ 15,6 POLEGADAS COM 1 COMPARTIMENTO PRINCIPAL ACOLCHOADO PARA NOTEBOOK E DOIS BOLSOS FRONTAIS   ;5;0;0,0%
ME;PD053;;5;5;100,0%
AC;SP144;;5;5;100,0%
AC;AC355;TELA DE PROJECAO RETRATIL ELETRICA 203 X 152CM 220V   ;5;0;0,0%
DC;DJI051;;5;0;0,0%
TE;NK038;;5;5;100,0%
TE;NK040;;5;5;100,0%
SO;SP353;;5;0;0,0%
SO;SP354;;5;0;0,0%
AC;AC259;AC. SUPORTE PLANO DE FERRO PARA TV LED E LCD- 32 ATE 50POL   ;5;0;0,0%
DC;DJI1042;Controle Remoto DJI Motion 3 (DJI Neo/Avata 2/Air 3/Mini 4 Pro) BR   ;5;0;0,0%
BB;BB618;;4;0;0,0%
IC;HKM256P81A;SSD HIKVISION 256 GB M.2 2280 NVME PCIE   ;4;0;0,0%
BR;BR1109;CREATIVE FUN FEIRINHA DIVERTIDA LEGUMES   ;4;0;0,0%
BR;BR2447;1:16 HOT WHEELS RC LUZES DE CORRIDA - AZUL   ;4;1;25,0%
BR;BR1875;;4;4;100,0%
BR;BR2559;MOCHILA CONSULTORIO DA MINNIE LASA   ;4;0;0,0%
AC;BO445;Pasta para Notebook Classic 15.6 Pol Preta Multilaser - BO445   ;4;0;0,0%
EP;UD350;ELEFANTE DECORATIVO RAJ POLIRESINA UPHOME   ;4;0;0,0%
EP;CE142;TORRADEIRA RED 220V   ;4;0;0,0%
ED;WO-51CDBR;Cuisinart Saca-rolhas Recarregável Preto Bivolt   ;4;0;0,0%
AC;EN017;;4;0;0,0%
AC;RF002;REFIL DE TINTA CIANO HP 100ML   ;4;0;0,0%
NB;NB360;TABLET M7 (3G/32GB) - PRETO   ;4;4;100,0%
IC;HIM324U081A;;4;0;0,0%
AC;EI113;Lapiseira Juice 0.7mm Cores Sortidas Pote c/ 24UN Keep - EI113   ;4;0;0,0%
EP;BE03;;4;1;25,0%
AC;GS0376;MINI CAMERA IP 2MP (COLMEIA)   ;4;0;0,0%
NB;NB364;TABLET M10 (3G/32GB) - PRETO   ;4;0;0,0%
AC;TC212T;COMBO SEM FIO CS400 USB 3BOT 1200DPI SLIM COMPACTO SILENCIOSO PT   ;4;0;0,0%
AC;WI456;CABO LIGHTNING 2M BRANCO (IPHONE)   ;4;4;100,0%
SO;SP606;;4;4;100,0%
AC;BO434;;4;4;100,0%
VD;TL073M;SMART TV 55 POL QLED 4K ANDROID MULTI   ;4;3;75,0%
EP;GO224;AIR FRYER DIGITAL 7L VISOR GOURMET 220V   ;4;4;100,0%
ME;PD852;;4;0;0,0%
NB;NB412;TABLET KID PAD LARANJA 64 GB   ;4;0;0,0%
BR;BR2282;;4;0;0,0%
BR;BR1647;EVOLUTION CAR R/C TORSIONAL - AZUL   ;4;0;0,0%
AC;EI122;Mina de Grafite HB 0.9mm 12 Minas Caixa C/ 12 Tubos Keep - EI122   ;4;0;0,0%
AC;EI099;Lapis Preto HB com Borracha Caixa c/ 12UN Keep - EI099   ;4;0;0,0%
DC;DJI1044;Controle Remoto DJI FPV 3 (DJI Avata 2/DJI Neo) BR   ;4;0;0,0%
PC;UB260;;4;0;0,0%
BR;BR1332;MY STYLE BEAUTY - ESPELHO GLAMOUR   ;4;0;0,0%
AC;MO331;;4;0;0,0%
EP;HO050;SERRA MARMORE 1200W 127V   ;4;0;0,0%
AC;EN074;;4;0;0,0%
EP;BE04;;4;0;0,0%
BR;BR1716;;4;4;100,0%
TE;P9152;SMARTPHONE MULTILASER F PRO 2 PRETO   ;4;0;0,0%
BR;BR2466;;4;0;0,0%
BR;BR1420;CRYBABIES MINNIE   ;4;0;0,0%
AC;SE238;Camera Smart Wifi 1080p portatil a bateria   ;4;0;0,0%
AC;CT450U;CARTUCHO TONER MULTILASER UNIV P/ BROTHER TN410/420/450   ;4;0;0,0%
EP;CE193;;4;0;0,0%
AC;RF010;REFIL DE TINTA CIANO HP 250ML   ;4;0;0,0%
AC;RF012;REFIL DE TINTA AMARELO HP 250ML   ;4;0;0,0%
AC;RF011;REFIL DE TINTA MAGENTA HP 250ML   ;4;0;0,0%
BR;BR2570;ESMALTERIA DUO BARBIE LASA   ;4;0;0,0%
AC;SE229TM;;4;0;0,0%
AC;JS0092;Controle Warrior Ultra Pro Bluetooth - Branco - Nintendo Switch e PC   ;4;0;0,0%
SO;OB003;CAIXA DE SOM MULTIUSO SP217 EXCLUSIVO   ;4;0;0,0%
EP;EB143;;4;0;0,0%
EF;LQ1211;LIQUIDIFICADOR MULTI TURBO LQ1200 1.200W 127V CINZA 8 VELOCIDADES COPO 2,6 LITROS   ;4;0;0,0%
BB;BB474;;4;0;0,0%
AC;MO386;MOUSE COM FIO MF400 USB 1200DPI 3BOT SLIM SILENCIOSO 180CM PT   ;4;0;0,0%
BR;BR1767;PLAY & LEARN - LOUSA MAGNÉTICA E QUADRO NEGRO 2 EM 1   ;3;0;0,0%
BR;BR1567;;3;3;100,0%
BR;BR1110;CREATIVE FUN SUPER FEIRA LEGUMES   ;3;0;0,0%
BR;BR2230;EXPRESS WHEELS MOTO LANÇADORA - 3 MODELOS SORTIDOS   ;3;2;66,7%
BR;BR2399;PROJETOR DE DESENHOS - BARBIE   ;3;0;0,0%
DC;DJI132;Estabilizador DJI Osmo Mobile 7P BR   ;3;3;100,0%
EP;UD191;PEGADOR MULTIUSO EM INOX E SILICONE 30CM VERMELHO UPHOME   ;3;0;0,0%
BR;BR2071;MINI PING PONG   ;3;2;66,7%
HC;HC607;;3;0;0,0%
EP;GO123;OMELETEIRA ELETRICA 220V   ;3;0;0,0%
BR;BR2048;;3;3;100,0%
AC;EI080;;3;3;100,0%
SO;SP600;CAIXA DE SOM BAZOOKA MULTILASER LED 70W BT/AUX/USB/TWS   ;3;3;100,0%
NB;NB311;;3;0;0,0%
SO;SP391;;3;0;0,0%
SO;SP604;PULSE SOUNDBAR + SUBWOOFER WIRELESS 300W BT/AUX/HDMI(ARC)/OPTICO/USB   ;3;3;100,0%
TE;P9155;;3;2;66,7%
AC;RZ0201910200;;3;3;100,0%
DC;DJI208;Câmera de Açăo DJI Osmo Action 4 Adventure Combo BR   ;3;0;0,0%
HC;HC260;TERMOMETRO INFRAVERMELHO SEM CONTATO   ;3;0;0,0%
EF;LQ1001;;3;2;66,7%
EP;UD270;GARRAFA PARA WHISKY/LICOR EM VIDRO 900ML   ;3;0;0,0%
ED;77-7P1BR;Cuisinart Jogo de Panelas Chef´s Classic em Aço Inox para Induçăo 7 Peças   ;3;0;0,0%
AC;TC240;KIT COMBO TECLADO E MOUSE COM FIO CF200 12 TECLAS MULTIMÍDIA CONEXĂO USB CABO DE 150CM 1200DPI TECLAS CHOCOLATE E SILENCIOSAS PRETO   ;3;0;0,0%
EP;EB036;;3;0;0,0%
AC;BO426;Mochila Multilaser Safe Para Notebook Ate 15.6 Pol Preta - BO426   ;3;1;33,3%
BR;BR1620;CUBIC 25 EM 1 - AVIĂO DE COMBATE 576 PEÇAS   ;3;0;0,0%
HC;HC125;OLEO ESSENCIAL DE GERANIO 10ML   ;3;0;0,0%
EP;AU900;;3;0;0,0%
EP;GO120;GRILL 2 EM 1 127V 1500W   ;3;2;66,7%
BR;BR1824;HOT WHEELS CARROS FLASH LARANJA COM LUZ E SOM   ;3;2;66,7%
NB;NB356;;3;0;0,0%
BR;BR2134;;3;3;100,0%
DC;DJI123;DJI SDR Transmission Combo BR   ;3;0;0,0%
DC;DJI215;Câmera de Açăo DJI Osmo 360 Adventure Combo BR   ;3;0;0,0%
BR;BR1715;;3;3;100,0%
BR;BR2353;;3;3;100,0%
BR;BR2562;MOCHILA DE BELEZA DAS PRINCESAS DISNEY LASA   ;3;0;0,0%
BR;BR2561;MOCHILA FERRAMENTAS DO MICKEY LASA   ;3;0;0,0%
BR;BR2563;MOCHILA PET SHOP DO PLUTO E MICKEY LASA   ;3;0;0,0%
BR;BR1296;MALETA DE VIAGEM MINNIE MÉDICA PLAY SET 3 EM 1   ;3;0;0,0%
AC;PE038;;3;0;0,0%
TE;P9133;;3;3;100,0%
AC;EI123;;3;0;0,0%
TE;NK110;;3;3;100,0%
SO;SP616;RETRO PULSE SUITCASE VITROLA DAVIS 15W BT/AUX/USB   ;3;2;66,7%
EP;GO045;CAFETEIRA 2 XICARAS 127V COM FILTRO PERMANENTE   ;3;0;0,0%
NB;NB430;TABLET M11 4G 8+128GB C/ CANETA ATIVA E CASE MAGNETICA   ;3;0;0,0%
PC;DT024;DESKTOP CELERON J1800, 4GB RAM, 500GB HD, LINUX   ;3;0;0,0%
BB;5079340400000;;2;0;0,0%
BB;BB493;;2;0;0,0%
BB;BB406;;2;0;0,0%
BB;BB407;;2;0;0,0%
BB;79835720070;;2;0;0,0%
BB;BB388;;2;0;0,0%
BB;BB389;;2;0;0,0%
BB;BB404;;2;0;0,0%
BB;7087142610000;;2;0;0,0%
ME;DV047;;2;0;0,0%
BR;BR2491;Mini Jogo De Hockey De Mesa   ;2;0;0,0%
AC;MR068;;2;0;0,0%
EP;UD351;ELEFANTE DECORATIVO BABBAR POLIRESINA UPHOME   ;2;0;0,0%
EP;UD352;ELEFANTE DECORATIVO MAYA POLIRESINA UPHOME   ;2;0;0,0%
EP;UD353;ELEFANTE DECORATIVO GEOMÉTRICO POLIRESINA UPHOME   ;2;0;0,0%
EP;HO051;;2;0;0,0%
EP;EB142;;2;2;100,0%
EP;GO121;GRILL 2 EM 1 220V 2000W   ;2;0;0,0%
EF;LQ1103;;2;2;100,0%
NB;NB341;;2;2;100,0%
DC;DJI1062;Hub de carregamento DJI Flip BR   ;2;0;0,0%
EP;HO431;ASPIRADOR DE PÓ VERTICAL DUO CYCLONE 2 EM 1 220V 1250W COM FUNÇĂO CICLONE, FILTRO LAVÁVEL E CAPACIDADE DE 1L, BOCAL PARA CANTOS E FRESTAS, BOCAL PARA ESTOFADOS, INTERRUPTOR DUPLO   ;2;0;0,0%
BR;BR951;GO PLAY KIT BASKETBALL C/ PEDESTAL AJUSTAVEL, BOLA E BOMBA   ;2;0;0,0%
SO;SP603;PULSE MINI PULSEBOX 30W AUX/SD/BT5.0   ;2;2;100,0%
AC;RZ0304460200R3U;;2;2;100,0%
TE;P9077;CELULAR UP PLAY BRANCO   ;2;1;50,0%
AC;EI079;;2;2;100,0%
AC;GS0506;CÂMERA BUL PLAST 720P 2.6MM 20M M1 AB120   ;2;0;0,0%
NB;NB390;NOVO TABLET M7 WIFI PRETO   ;2;0;0,0%
AC;RZ0303930200R3U;;2;2;100,0%
SO;PH426;;2;2;100,0%
AC;BO432;;2;2;100,0%
AC;CB171;LUMINARIA COM CARREGAMENTO WIRELESS   ;2;0;0,0%
AC;SE232;Sirene de Alarme Inteligente Wi-Fi Liv   ;2;0;0,0%
BB;BB498;;2;0;0,0%
EF;LQ1212;;2;2;100,0%
AC;SE235;;2;0;0,0%
SO;SP622;;2;0;0,0%
AC;GS0504;CÂMERA BUL PLAST 1080P 3.6MM 20M M1 AB220   ;2;0;0,0%
PR;PR10392;;2;0;0,0%
EP;GO139;;2;0;0,0%
EP;CE149;;2;0;0,0%
PC;UB431;;2;0;0,0%
DC;DJI1072;Hub de carregamento DJI Mini 5 Pro BR   ;2;0;0,0%
AC;JS091;;2;0;0,0%
VD;TL056;;2;0;0,0%
VD;TL046;;2;0;0,0%
BR;BR2306;CUBIC - CAMINHĂO DE BOMBEIROS 192 PEÇAS   ;2;0;0,0%
NB;NB373;TABLET GALINHA PINTADINHA - AZUL   ;2;0;0,0%
TE;NK006;;2;0;0,0%
EP;CE047;;2;2;100,0%
DC;DJI1054;Bateria de voo Inteligente DJI Neo BR   ;2;0;0,0%
DC;DJI1060;DJI Goggles N3 (DJI Neo) BR   ;2;0;0,0%
EP;CE154;;2;0;0,0%
AC;GS0160;;2;0;0,0%
AC;SE302;;2;0;0,0%
AC;RZ0402950100R38;;2;0;0,0%
AC;RZ1905050300;Microfone Razer Seiren V3 Mini - Ultra Compacto - USB - Branco   ;2;0;0,0%
EP;GO009;MIXER PRETO 200W 1 VELOCIDADE 127V   ;2;2;100,0%
EP;HO457;;2;0;0,0%
EP;GO212;;2;0;0,0%
BR;BR2493;;2;2;100,0%
BR;BR2330;;2;2;100,0%
BR;BR2307;CUBIC - HELICÓPTERO DE COMBATE A INCĘNDIOS NA FLORESTA 325 PEÇAS   ;2;0;0,0%
BR;BR1616;CUBIC 25 EM 1 POLÍCIA SWAT ROBOT 600 PEÇAS   ;2;0;0,0%
TE;P9207;;2;0;0,0%
AC;RZ0303940200;Teclado Razer Huntsman V2 Tenkeyless Preto - Switch Red - Layout US   ;2;0;0,0%
AC;RZ0303390500;Teclado Razer Huntsman Mini 60% Preto - Switch Purple - Layout US   ;2;0;0,0%
BR;BR2249;;2;0;0,0%
BR;BR2251;;2;0;0,0%
BB;BB1077;KIT 3 FRASCOS PARA ARMAZENAR LEITE 150 ML MOMS ESSENTIALS FISHER PRICE   ;2;0;0,0%
HC;HC217;DIFUSOR DE AROMAS BRANCO COM ILUMINACAO LED VARIAVEL   ;2;0;0,0%
BR;BR2099;BONECA BFF BY CRY BABIES - SÉRIE TALENTS 5 MODELOS SORTIDOS   ;2;0;0,0%
NB;NB370;TABLET FROZEN - ROSA   ;2;0;0,0%
ME;PD054;PENDRIVE NANO PRETO 16GB   ;2;2;100,0%
AC;BO442;;2;0;0,0%
TE;P9145;;2;2;100,0%
EP;EB126;;2;0;0,0%
BR;BR949;GO PLAY KIT TENIS COM 2 RAQUETES E BOLINHA   ;2;0;0,0%
AC;CB082;;2;0;0,0%
AC;PE045;PAPEL FOTOGRÁFICO MATTE A4 180G 20 FOLHAS   ;2;0;0,0%
DC;DJI1002;Hélices DJI (DJI Mini 2/SE/2 SE/4K) (2 Pares) BR   ;2;0;0,0%
WN;ES223;EXTENSOR FITNESS COM ALCA CINZA/PRETO   ;2;0;0,0%
TE;NK016;;2;2;100,0%
TE;NK121;;2;2;100,0%
TE;OB018;;2;2;100,0%
TE;P9097;;2;2;100,0%
TE;P9107;;2;2;100,0%
TE;P9151;;2;2;100,0%
VD;PJ002;;2;0;0,0%
SO;SP344;;2;2;100,0%
AC;EI093;Caneta Esferográfica Ponta Média 1,0mm Preta Caixa c/ 50UN Keep   ;2;0;0,0%
TE;P9148;;2;2;100,0%
SO;PH217;;2;0;0,0%
SO;SP245;;2;0;0,0%
AC;CB164;;2;0;0,0%
DC;DJI1045;Bateria de voo inteligente DJI Avata 2 BR   ;2;2;100,0%
DC;DJI217;Câmera de Açăo DJI Osmo Action 6 Standard BR   ;2;0;0,0%
DC;DJI1030;Carregador USB-C DJI 65W   ;2;0;0,0%
DC;DJI203;;2;0;0,0%
DC;DJI111;Estabilizador DJI RS 3 Mini BR   ;2;0;0,0%
ED;CRC-800BR;Cuisinart Panela Elétrica para Arroz. Grăos e Vapor em Aço Inox 127V   ;2;0;0,0%
BB;BB1078;PORTA CHUPETAS SOFT FISHER PRICE AZUL   ;2;0;0,0%
BB;BB1242;;2;0;0,0%
BR;BR1334;CUBIC EQUIPE DA POLÍCIA 460 PEÇAS   ;2;0;0,0%
EP;UD053;ESPATULA PAO DURO DE SILICONE CABO ACRILICO VERMELHA UPHOME   ;2;0;0,0%
EP;UD067;PEGADOR DE MASSA DE SILICONE CABO INOX PRETO UPHOME   ;2;0;0,0%
EP;UD066;CONCHA DE SILICONE CABO INOX PRETA UPHOME   ;2;0;0,0%
BR;BR1333;MY STYLE BEAUTY - SUPER KIT PRINCESA   ;2;0;0,0%
EP;AU500;;2;0;0,0%
SO;PH438;;2;0;0,0%
AC;SE234;;1;0;0,0%
AC;SE225;;1;0;0,0%
BB;BB717;;1;0;0,0%
EP;CE165;;1;0;0,0%
EF;LQ1004;;1;0;0,0%
WN;GY113V3;;1;1;100,0%
WN;GY113V1;;1;1;100,0%
AC;CP118S;;1;0;0,0%
WN;EM028V1;;1;1;100,0%
WN;EM028V2;;1;1;100,0%
WN;EM420V1;;1;1;100,0%
WN;EM420V2;;1;1;100,0%
DC;DJI062;Drone DJI Mavic 4 Pro Standard (Com tela) BR   ;1;1;100,0%
BR;BR2541;PROJETOR DE DESENHOS BARBIE RH   ;1;1;100,0%
BR;BR2284;CUBIC JIPE OFF-ROAD 253 PEÇAS   ;1;1;100,0%
BR;BR2021;BONECA ARIEL HORA DO BANHO COM ESCOVA 38CM   ;1;0;0,0%
BR;BR2368;EVOLUTION FORMULA 1 - SUPER STUNT DRIFT - VERMELHO - 35CM   ;1;0;0,0%
PC;UB843;"ALL IN ONE UB843 i3 10110U 8GB SSD 256GB Windows 11 Home 23.8""   ";1;0;0,0%
EP;UD272;CONJUNTO BALDE DE GELO COM 2 COPOS EM VIDRO   ;1;0;0,0%
BR;BR1564;MALETA MICKEY CONSTRUTOR COM 11 ACESSÓRIOS   ;1;0;0,0%
EP;GO042;CAFETEIRA 30 XICARAS JARRA INOX 220V   ;1;0;0,0%
BR;BR1614;CUBIC 25 EM 1 CITY BRIGADA DE INCĘNCIO 572 PEÇAS   ;1;0;0,0%
AC;RZ0303390200R3M;;1;1;100,0%
AC;RZ1904050100R3X;;1;1;100,0%
AC;TBS92602GL;MALETA PARA NOTEBOOKS CYPRESS SLIM ECOSMART TARGUS 1 COMPARTIMENTO ACOLCHOADO 14 POLEGADAS 1 COMPARTIMENTO PARA ACESSÓRIOS TOTALMENTE FEITO DE MATERIAL RECICLADO ALÇAS ACOLCHOADAS CINZA   ;1;1;100,0%
AC;TBO00206GL;;1;1;100,0%
AC;KP003;;1;1;100,0%
AC;RZ0603560100R3U;Controle Razer Wolverine V2 (Xbox One, Series X e PC) - Preto - Com fio   ;1;1;100,0%
AC;RZ0104640100R3M;;1;1;100,0%
AC;JS087;;1;1;100,0%
NB;NB368;TABLET MINNIE - PRETO E ROSA   ;1;1;100,0%
SO;P9203;;1;1;100,0%
AC;SP377;;1;1;100,0%
EF;VL302;;1;1;100,0%
WN;EM010;TORRE PRETA PARA 10 PARES DE HALTERES WELLNESS (HALTERES NĂO INCLUSOS)   ;1;1;100,0%
WN;EM205;;1;1;100,0%
WN;WK089;KIT 10 PARES HALTERES 1.00 A 10.00KG EMBORRACHADOS HEXAGONAL WELLNESS (ESTANTE EM010 NĂO INCLUSA)   ;1;1;100,0%
WN;WK157;KIT 5 PARES DUMBBELLS 12.00 A 20.00KG EMBORRACHADOS WELLNESS (ESTANTE EM383 NĂO INCLUSA)   ;1;1;100,0%
WN;WK158;KIT 5 PARES DUMBBELLS 22.00 A 30.00KG EMBORRACHADOS WELLNESS (ESTANTE EM383 NĂO INCLUSA)   ;1;1;100,0%
WN;EM240;;1;1;100,0%
WN;EM345;;1;1;100,0%
WN;EM354;;1;1;100,0%
WN;GY076;;1;1;100,0%
WN;EM379;;1;1;100,0%
AC;EI161;;1;0;0,0%
SO;27688;;1;0;0,0%
AC;EI116;Lapiseira Candy 0.7mm Com Grip Emborrachado Cores Sortidas Pote c/ 24UN Keep - EI116   ;1;0;0,0%
ME;MC150;;1;113;11300,0%
AC;PH337;MICROFONE WARRIOR ELOY STREAMING USB   ;1;0;0,0%
AC;RZ0403240100R;Headset Razer BlackShark V2 X P3 Preto - Com fio   ;1;1;100,0%
SO;SP623;;1;1;100,0%
AC;CB161;;1;1;100,0%
AC;BO435;;1;1;100,0%
AC;AC395;;1;1;100,0%
PG;UL214XI5;NOTEBOOK ULTRA NOTEBOOK UL214XI5 256GB 8GB 14 FHD WINDOWS 11 PRO   ;1;0;0,0%
BB;BB472;ASSENTO ELEVATÓRIO PARA REFEIÇĂO LOLLIPOP AZUL   ;1;0;0,0%
DC;DJI140;Estabilizador DJI RS 5 Standard BR   ;1;0;0,0%
VD;TL042;;1;0;0,0%
VD;TL028;;1;0;0,0%
ME;MC172;;1;0;0,0%
EP;GO222;;1;0;0,0%
PP;PP258;;1;0;0,0%
EP;UD265;RALADOR / FATIADOR 6 EM 1 DOBRAVEL UPHOME   ;1;0;0,0%
EP;CE118;;1;0;0,0%
AC;AWE81US;;1;0;0,0%
SO;PH369;;1;0;0,0%
DC;DJI1034;Hub de carregamento DJI Mini 2 (DJI Mini 4K/DJI Mini 2/DJI Mini 2 SE/DJI Mini SE)   ;1;1;100,0%
PR;PR10396;;1;0;0,0%
PR;PR10124;;1;0;0,0%
AC;RC2101900100R3U;SUPORTE DE CARREGAMENTO RAZER PARA CONTROLE PLAYSTATION 5 - (BRANCO)   ;1;0;0,0%
AC;TC248;TECLADO WARRIOR DUNKY MECANICO SWITCH BLUE - LED RAINBOW - COM FIO   ;1;0;0,0%
ED;C77SHP-3S;Cuisinart Afiador de Facas Dobrável 3 em 1   ;1;0;0,0%
WN;EM512I;;1;0;0,0%
EP;EB037;;1;0;0,0%
DC;DJI133;Estabilizador DJI RS 4 Mini BR   ;1;0;0,0%
ED;GR-102BRB;Cuisinart Griddler Compacto Inox 220V   ;1;0;0,0%
SO;SP503;PULSE FLAMEBOX 800W RMS BT/AUX/FM/SD LED   ;1;0;0,0%
EP;HO456;;1;1;100,0%
DC;DJI1032;Carregador USB-C DJI 100W   ;1;1;100,0%
DC;DJI044;;1;0;0,0%
AC;WI238;;1;0;0,0%
AC;TC315;TECLADO LEGACY MEMBRANA COM FIO PRETO   ;1;0;0,0%
EP;BE016;;1;0;0,0%
AC;AC275;;1;0;0,0%
AC;CB142;;1;0;0,0%
DC;DJI138;Microfone DJI Mic 3 (2 TX Microfone + 1 RX Receptor + 1 Case de carregamento) BR   ;1;0;0,0%
NB;NB316;;1;0;0,0%
DC;DJI118;Estabilizador DJI RS 4 Combo BR   ;1;0;0,0%
AC;CVR617T;;1;0;0,0%
AC;RZ1905050100;;1;0;0,0%
AC;WI454;CABO USBC LIGHTNING S/MFI 1.2M (IPHONE)   ;1;0;0,0%
BR;BR2290;1:32 RACING CONTROL COMPACT TURBO - AZUL E VERMELHO   ;1;0;0,0%
TE;P9173;;1;0;0,0%
TE;P9158;;1;0;0,0%
VT;TB002;TELA TOSHIBA QLED 65 POL. 65M550KB QUANTUM DOT 4K SMART VIDAA   ;1;0;0,0%
AC;RZ0602800100R3X;;1;0;0,0%
AC;RZ8302550100X;;1;0;0,0%
AC;RZ0105120100;;1;0;0,0%
ED;CTG-00-SMP;Cuisinart Conjunto de Colheres Medidoras em Aço Inox   ;1;0;0,0%
ED;C77SS-5SUT;Cuisinart Faca Graphix Utilitária Serrilhada   ;1;0;0,0%
ED;C77SS-CLV;Cuisinart Cutelo Graphix   ;1;0;0,0%
ED;CNP-650;Cuisinart Chapa Grelhadora Antiaderente para Churrasqueira   ;1;0;0,0%
ED;CGS-W13;Cuisinart Jogo de Utensílios para Churrasco com 13 Peças em Aço Inox e Estojo   ;1;0;0,0%
DC;DJI311;Tripe estacao movel D RTK 2 DJI   ;1;0;0,0%
EP;UD349;PORTA-JOIAS MADEIRA COM ESPELHO UPHOME   ;1;0;0,0%
DC;DJI1028;Controle Remoto com tela DJI RC 2 (DJI Neo/Flip/Mini 4 Pro/Mini 5 Pro/Air 3/Air 3S/Mavic 4 Pro) BR   ;1;0;0,0%
NB;NB404;TABLET PATRULHA CANINA SKYE   ;1;0;0,0%
NB;2021;;1;0;0,0%
NB;NB367;;1;0;0,0%
NB;NB371;TABLET AVENGERS   ;1;0;0,0%
AC;CB165;;1;0;0,0%
BR;BR1403;;1;1;100,0%
BR;BR2188;;1;1;100,0%
BR;BR1794;JOGO PORQUINHO COMILĂO   ;1;1;100,0%
BR;BR1926;;1;1;100,0%
EP;HO097;;1;0;0,0%
AC;WI290;;1;0;0,0%
AC;WI347;CONVERSOR ADAPTADOR USB 3.0 PARA HDMI FULL HD   ;1;0;0,0%
EP;UD368;ESPELHO PENA 47CM UPHOME   ;1;0;0,0%
BR;BR1460;CUBIC CARRO DE POLICIA 284 PEÇAS   ;1;0;0,0%
BR;BR1431;HOT WHEELS CARRO TURBO COM LUZ E SOM   ;1;0;0,0%
BR;BR1432;HOT WHEELS CARRO ALTO-FALANTE COM LUZ E SOM   ;1;0;0,0%
BR;BR1646;EVOLUTION CAR R/C TORSIONAL - VERMELHO   ;1;0;0,0%
AC;MR009;Pincel Marcador De Quadro Branco Easy Preto Keep Caixa C/12 Unidades - MR009   ;1;0;0,0%
BR;BR2350;PELÚCIA STITCH CLÁSSICO C/ MECANISMO LUZ E SOM 30CM   ;1;0;0,0%
DC;DJI064;Drone DJI Mavic 4 Pro 512GB Creator Combo (Com tela e saída HDMI) BR   ;1;0;0,0%
TE;NK097;;1;1;100,0%
TE;P9149;;1;1;100,0%
EP;HO411;;1;0;0,0%
AC;SE220;;1;0;0,0%
TE;NK086;;1;1;100,0%
TE;NK120;;1;1;100,0%
EP;HO459;FERRO DE PASSAR A VAPOR VERDE 220V 1400W COM BASE CERÂMICA, BASE SALVA BOTŐES, CABO GIRATÓRIO 360° E RESERVATÓRIO COM INDICADOR DE NÍVEL, ACOMPANHA MEDIDOR   ;1;0;0,0%
WN;EM403V1;;1;0;0,0%
EP;HO066;;1;0;0,0%
EP;UD359;PORTA RETRATO BARROCO 16X16   ;1;0;0,0%
EP;UD364;PORTA RETRATO NEOCLÁSSICO 22X17 UPHOME   ;1;0;0,0%
EP;UD373;FOLHA DECORATIVA COSTELA DE ADĂO UPHOME   ;1;0;0,0%
EP;UD374;FOLHA DECORATIVA OLD LEAF UPHOME   ;1;0;0,0%
BB;BB1002;;1;0;0,0%
DC;DJI141;Estabilizador DJI RS 5 Combo BR   ;1;0;0,0%
BR;BR2168;CENTOPEIA GIRATÓRIA COM LUZ E SOM - MULTIKIDS PRIMEIRA INFÂNCIA   ;1;0;0,0%
BR;BR2423;ESMALTERIA GLAM BARBIE COM SECADOR DE UNHAS   ;1;0;0,0%
BR;BR2192;MALETA DE VIAGEM E PENTEADEIRA PRINCESAS PLAY SET 3 EM 1   ;1;0;0,0%
PG;UL214XI5DF;;1;0;0,0%
TE;P9091;;1;0;0,0%
AC;TC299;;1;0;0,0%
AC;EN065;;1;0;0,0%
AC;RZ0103850200;;1;0;0,0%
ME;PD688;;1;0;0,0%
AC;CB172;;1;0;0,0%
